,Date,Zpid,time,Price,pricePerSquareFoot,priceChangeRate,event,Agency,buyerAgent,sellerAgent,showCountyLink,postingIsRental,attributeSource
1,07/12/2011,31493791,1.63149E+12,,,0,Listing removed,StreetEasy,,,FALSE,FALSE,"{'infoString1': None, 'infoString2': 'StreetEasy', 'infoString3': None}"
2,01/01/2012,31493791,1.63063E+12,439000,,-0.022271715,Price change,StreetEasy,,,FALSE,FALSE,"{'infoString1': '', 'infoString2': 'StreetEasy', 'infoString3': None}"
3,22/05/2012,31493791,1.62432E+12,449000,,0,Listed for sale,StreetEasy,,,FALSE,FALSE,"{'infoString1': '', 'infoString2': 'StreetEasy', 'infoString3': None}"
4,12/06/2013,31493791,1.62251E+12,,,0,Listing removed,StreetEasy,,,FALSE,FALSE,"{'infoString1': None, 'infoString2': 'StreetEasy', 'infoString3': None}"
5,26/02/2015,31493791,1.61931E+12,449000,,-0.021786492,Price change,StreetEasy,,,FALSE,FALSE,"{'infoString1': '', 'infoString2': 'StreetEasy', 'infoString3': None}"
6,13/05/2015,31493791,1.61326E+12,459000,,-0.021321962,Price change,Brown Harris Stevens,,,FALSE,FALSE,"{'infoString1': None, 'infoString2': 'Brown Harris Stevens', 'infoString3': None}"
7,09/10/2016,31493791,1.60669E+12,469000,,-0.012631579,Price change,Brown Harris Stevens,,,FALSE,FALSE,"{'infoString1': None, 'infoString2': 'Brown Harris Stevens', 'infoString3': None}"
8,31/05/2017,31493791,1.60445E+12,475000,,-0.04040404,Price change,Brown Harris Stevens,,,FALSE,FALSE,"{'infoString1': None, 'infoString2': 'Brown Harris Stevens', 'infoString3': None}"
9,13/06/2017,31493791,1.59961E+12,2194,,-0.000455581,Listing removed,Brown Harris Stevens Residential Sales,,,FALSE,TRUE,"{'infoString1': None, 'infoString2': 'Brown Harris Stevens Residential Sales', 'infoString3': None}"
10,25/07/2017,31493791,1.59944E+12,495000,,0,Listed for sale,Halstead Real Estate,,,FALSE,FALSE,"{'infoString1': None, 'infoString2': 'Halstead Real Estate', 'infoString3': None}"
11,02/10/2023,31493791,1.59797E+12,2195,,-0.024444444,Price change,Halstead Real Estate,,,FALSE,TRUE,"{'infoString1': None, 'infoString2': 'Halstead Real Estate', 'infoString3': None}"
12,28/08/1998,31495033,1.59529E+12,2250,,-0.042553191,Price change,Halstead Real Estate,,,FALSE,TRUE,"{'infoString1': None, 'infoString2': 'Halstead Real Estate', 'infoString3': None}"
13,04/05/2010,31495033,1.5927E+12,2350,,-0.030927835,Price change,Halstead Real Estate,,,FALSE,TRUE,"{'infoString1': None, 'infoString2': 'Halstead Real Estate', 'infoString3': None}"
14,16/03/2021,31495033,1.59071E+12,2425,,-0.028056112,Listed for rent,Halstead Real Estate,,,FALSE,TRUE,"{'infoString1': None, 'infoString2': 'Halstead Real Estate', 'infoString3': None}"
15,25/03/2021,31495033,1.5857E+12,2495,,0,Listing removed,Halstead Real Estate,,,FALSE,TRUE,"{'infoString1': None, 'infoString2': 'Halstead Real Estate', 'infoString3': None}"
16,17/04/2021,31495033,1.58285E+12,2495,,0,Listed for rent,Halstead Real Estate,,,FALSE,TRUE,"{'infoString1': None, 'infoString2': 'Halstead Real Estate', 'infoString3': None}"
1,22/06/2022,31495033,1.6962E+12,1050000,,0,Listed for sale,StreetEasy,,,FALSE,FALSE,"{'infoString1': '10491203189', 'infoString2': 'StreetEasy', 'infoString3': None}"
2,16/07/2022,31495033,1.50422E+12,2990,,0,Listing removed,Corcoran,,,FALSE,TRUE,"{'infoString1': None, 'infoString2': 'Corcoran', 'infoString3': None}"
3,22/07/2022,31495033,1.50206E+12,2990,,-0.011570248,Price change,Corcoran,,,FALSE,TRUE,"{'infoString1': None, 'infoString2': 'Corcoran', 'infoString3': None}"
4,11/08/2022,31495033,1.49999E+12,3025,,-0.0546875,Price change,Corcoran,,,FALSE,TRUE,"{'infoString1': None, 'infoString2': 'Corcoran', 'infoString3': None}"
5,26/08/2022,31495033,1.49498E+12,3200,,0.067022341,Listed for rent,Corcoran,,,FALSE,TRUE,"{'infoString1': None, 'infoString2': 'Corcoran', 'infoString3': None}"
6,13/09/2022,31495033,1.43467E+12,2999,,0,Listing removed,Corcoran,,,FALSE,TRUE,"{'infoString1': None, 'infoString2': 'Corcoran', 'infoString3': None}"
7,25/07/2023,31495033,1.43087E+12,2999,,-0.032580645,Price change,Corcoran,,,FALSE,TRUE,"{'infoString1': None, 'infoString2': 'Corcoran', 'infoString3': None}"
8,02/08/2023,31495033,1.42992E+12,3100,,0.148148148,Listed for rent,Corcoran,,,FALSE,TRUE,"{'infoString1': None, 'infoString2': 'Corcoran', 'infoString3': None}"
9,18/08/2023,31495033,1.36668E+12,2700,,0,Listing removed,Immac Realty,,,FALSE,TRUE,"{'infoString1': None, 'infoString2': 'Immac Realty', 'infoString3': None}"
10,29/08/2023,31495033,1.36512E+12,2700,,0,Listed for rent,Immac Realty,,,FALSE,TRUE,"{'infoString1': None, 'infoString2': 'Immac Realty', 'infoString3': None}"
1,28/09/2023,31495033,1.69137E+12,,,0,Listing removed,StreetEasy,,,FALSE,FALSE,"{'infoString1': None, 'infoString2': 'StreetEasy', 'infoString3': None}"
2,18/02/1993,31496142,1.68722E+12,6250000,2120,-0.038461538,Price change,StreetEasy,,,FALSE,FALSE,"{'infoString1': '', 'infoString2': 'StreetEasy', 'infoString3': None}"
3,28/09/2023,31496142,1.68117E+12,6500000,2205,-0.064748201,Listed for sale,StreetEasy,,,FALSE,FALSE,"{'infoString1': '', 'infoString2': 'StreetEasy', 'infoString3': None}"
4,21/04/2006,31497240,1.6702E+12,,,0,Listing removed,StreetEasy,,,FALSE,FALSE,"{'infoString1': None, 'infoString2': 'StreetEasy', 'infoString3': None}"
5,28/09/2006,31497240,1.65819E+12,,,0,Listing removed,StreetEasy,,,FALSE,FALSE,"{'infoString1': None, 'infoString2': 'StreetEasy', 'infoString3': None}"
6,07/08/2011,31497240,1.65154E+12,6950000,2358,-0.130706692,Price change,StreetEasy,,,FALSE,FALSE,"{'infoString1': '', 'infoString2': 'StreetEasy', 'infoString3': None}"
7,22/01/2012,31497240,1.64419E+12,7995000,2712,0,Listed for sale,StreetEasy,,,FALSE,FALSE,"{'infoString1': '', 'infoString2': 'StreetEasy', 'infoString3': None}"
0,14/08/2013,31497240,1.69629E+12,1395000,1329,0.256879048,Listed for sale,StreetEasy,,,FALSE,FALSE,"{'infoString1': '22711162', 'infoString2': 'StreetEasy', 'infoString3': None}"
1,10/05/2021,31497240,1.31103E+12,1109892,1057,0,Sold,Public Record,,,FALSE,FALSE,"{'infoString1': None, 'infoString2': 'Public Record', 'infoString3': None}"
0,15/10/2021,31497240,1.69629E+12,5100000,1545,0.040816327,Listed for sale,StreetEasy,,,FALSE,FALSE,"{'infoString1': '', 'infoString2': 'StreetEasy', 'infoString3': None}"
1,08/04/2022,31497240,1.68679E+12,,,0,Listing removed,StreetEasy,,,FALSE,FALSE,"{'infoString1': None, 'infoString2': 'StreetEasy', 'infoString3': None}"
2,09/05/2022,31497240,1.68316E+12,4900000,1485,0.088888889,Price change,StreetEasy,,,FALSE,FALSE,"{'infoString1': '', 'infoString2': 'StreetEasy', 'infoString3': None}"
3,01/07/2022,31497240,1.67581E+12,4500000,1364,-0.181818182,Price change,StreetEasy,,,FALSE,FALSE,"{'infoString1': '', 'infoString2': 'StreetEasy', 'infoString3': None}"
4,11/07/2022,31497240,1.66432E+12,5500000,1667,0,Listed for sale,StreetEasy,,,FALSE,FALSE,"{'infoString1': '', 'infoString2': 'StreetEasy', 'infoString3': None}"
0,28/07/2022,31497240,1.69629E+12,999999,1250,4.677747749,Listed for sale,StreetEasy,,,FALSE,FALSE,"{'infoString1': '', 'infoString2': 'StreetEasy', 'infoString3': None}"
1,11/10/2022,31497240,1.65672E+12,,,0,Listing removed,Zillow Rental Network_1,,,FALSE,TRUE,"{'infoString1': None, 'infoString2': 'Zillow Rental Network_1', 'infoString3': None}"
2,31/10/2022,31497240,1.65637E+12,5900,7,0.18,Listed for rent,Zillow Rental Network_1,,,FALSE,TRUE,"{'infoString1': '', 'infoString2': 'Zillow Rental Network_1', 'infoString3': None}"
3,07/11/2022,31497240,1.63745E+12,,,0,Listing removed,Zillow Rental Network_1,,,FALSE,TRUE,"{'infoString1': None, 'infoString2': 'Zillow Rental Network_1', 'infoString3': None}"
4,14/12/2022,31497240,1.63642E+12,5000,6,0,Listed for rent,Zillow Rental Network_1,,,FALSE,TRUE,"{'infoString1': '', 'infoString2': 'Zillow Rental Network_1', 'infoString3': None}"
5,05/01/2023,31497240,1.63045E+12,,,0,Listing removed,Zillow Rental Network_1,,,FALSE,TRUE,"{'infoString1': None, 'infoString2': 'Zillow Rental Network_1', 'infoString3': None}"
6,04/04/2023,31497240,1.62968E+12,5000,6,0,Listed for rent,Zillow Rental Network_1,,,FALSE,TRUE,"{'infoString1': '', 'infoString2': 'Zillow Rental Network_1', 'infoString3': None}"
7,26/05/2023,31497240,1.25729E+12,176126,220,0,Sold,Public Record,,,FALSE,FALSE,"{'infoString1': None, 'infoString2': 'Public Record', 'infoString3': None}"
0,10/07/2023,31497240,1.69629E+12,600000,,0,Listed for sale,StreetEasy,,,FALSE,FALSE,"{'infoString1': '', 'infoString2': 'StreetEasy', 'infoString3': None}"
0,28/09/2023,31497240,1.69629E+12,6125000,2078,-0.02,Listed for sale,StreetEasy,,,FALSE,FALSE,"{'infoString1': '', 'infoString2': 'StreetEasy', 'infoString3': None}"
0,23/12/1999,31500494,1.69629E+12,4200000,1641,0,Listed for sale,StreetEasy,,,FALSE,FALSE,"{'infoString1': '', 'infoString2': 'StreetEasy', 'infoString3': None}"
0,28/09/2023,31500494,1.69629E+12,4700000,723,0,Listed for sale,StreetEasy,,,FALSE,FALSE,"{'infoString1': '', 'infoString2': 'StreetEasy', 'infoString3': None}"
0,15/07/1999,31525553,1.69629E+12,300000,,0,Listed for sale,StreetEasy,,,FALSE,FALSE,"{'infoString1': '', 'infoString2': 'StreetEasy', 'infoString3': None}"
0,29/09/2023,31525553,1.69629E+12,22000000,4400,0.848739496,Listed for sale,StreetEasy,,,FALSE,FALSE,"{'infoString1': '', 'infoString2': 'StreetEasy', 'infoString3': None}"
1,10/07/1997,31533978,1.67875E+12,,,0,Listing removed,StreetEasy,,,FALSE,FALSE,"{'infoString1': None, 'infoString2': 'StreetEasy', 'infoString3': None}"
2,24/02/2000,31533978,1.21496E+12,11900000,2380,0,Listing removed,Prudential Real Estate,,,FALSE,FALSE,"{'infoString1': '595368', 'infoString2': 'Prudential Real Estate', 'infoString3': None}"
3,22/04/2012,31533978,1.21401E+12,11900000,2380,0,Listed for sale,Prudential Real Estate,,,FALSE,FALSE,"{'infoString1': '595368', 'infoString2': 'Prudential Real Estate', 'infoString3': None}"
0,11/05/2012,31533978,1.69629E+12,1850000,1321,0,Listed for sale,StreetEasy,,,FALSE,FALSE,"{'infoString1': '', 'infoString2': 'StreetEasy', 'infoString3': None}"
0,31/07/2012,31533978,1.69629E+12,8995000,2092,-0.1005,Listed for sale,StreetEasy,,,FALSE,FALSE,"{'infoString1': '', 'infoString2': 'StreetEasy', 'infoString3': None}"
1,16/10/2012,31533978,1.6924E+12,,,0,Listing removed,StreetEasy,,,FALSE,FALSE,"{'infoString1': None, 'infoString2': 'StreetEasy', 'infoString3': None}"
2,28/05/2015,31533978,1.68376E+12,10000000,2326,-0.130434783,Price change,StreetEasy,,,FALSE,FALSE,"{'infoString1': '', 'infoString2': 'StreetEasy', 'infoString3': None}"
3,09/06/2015,31533978,1.68039E+12,11500000,2674,-0.148148148,Listed for sale,StreetEasy,,,FALSE,FALSE,"{'infoString1': '', 'infoString2': 'StreetEasy', 'infoString3': None}"
4,03/02/2017,31533978,1.25729E+12,13500000,3140,0,Sold,Public Record,,,FALSE,FALSE,"{'infoString1': None, 'infoString2': 'Public Record', 'infoString3': None}"
0,18/05/2017,31533978,1.69629E+12,3995000,1882,0,Listed for sale,StreetEasy,,,FALSE,FALSE,"{'infoString1': '', 'infoString2': 'StreetEasy', 'infoString3': None}"
0,04/01/2018,31533978,1.69629E+12,2150000,,-0.102296451,Listed for sale,StreetEasy,,,FALSE,FALSE,"{'infoString1': '', 'infoString2': 'StreetEasy', 'infoString3': None}"
1,01/02/2018,31533978,1.67124E+12,,,0,Listing removed,StreetEasy,,,FALSE,FALSE,"{'infoString1': None, 'infoString2': 'StreetEasy', 'infoString3': None}"
2,10/03/2018,31533978,1.65335E+12,2395000,,0,Listed for sale,StreetEasy,,,FALSE,FALSE,"{'infoString1': '', 'infoString2': 'StreetEasy', 'infoString3': None}"
0,10/05/2018,31533978,1.69629E+12,1795000,,-0.113580247,Listed for sale,StreetEasy,,,FALSE,FALSE,"{'infoString1': '22711148', 'infoString2': 'StreetEasy', 'infoString3': None}"
1,08/11/2018,31533978,1.21219E+12,2025000,,0,Sold,Public Record,,,FALSE,FALSE,"{'infoString1': None, 'infoString2': 'Public Record', 'infoString3': None}"
0,28/09/2023,31533978,1.69638E+12,2195000,2657,0.354938272,Listed for sale,StreetEasy,,,FALSE,FALSE,"{'infoString1': None, 'infoString2': 'StreetEasy', 'infoString3': None}"
1,26/05/1995,31535465,1.48833E+12,1620000,1961,-0.018181818,Sold,Public Record,,,FALSE,FALSE,"{'infoString1': None, 'infoString2': 'Public Record', 'infoString3': None}"
2,01/07/2010,31535465,1.47943E+12,1650000,1998,0,Pending sale,Sotheby's International Realty,,,FALSE,FALSE,"{'infoString1': '00110942', 'infoString2': ""Sotheby's International Realty"", 'infoString3': None}"
3,18/04/2015,31535465,1.47036E+12,1650000,1998,0.2,Listed for sale,Sotheby's International Realty,,,FALSE,FALSE,"{'infoString1': '00110942', 'infoString2': ""Sotheby's International Realty"", 'infoString3': None}"
4,17/10/2015,31535465,1.42655E+12,1375000,1665,0.30952381,Sold,Public Record,,"{'photo': {'url': 'https://photos.zillowstatic.com/h_e/IS6mg52qj2p6400000000000.jpg'}, 'profileUrl': '/profile/Josh-Rubin/', 'name': 'Josh Rubin'}",FALSE,FALSE,"{'infoString1': None, 'infoString2': 'Public Record', 'infoString3': None}"
5,15/04/2016,31535465,1.37264E+12,1050000,1271,0,Sold,Public Record,,,FALSE,FALSE,"{'infoString1': None, 'infoString2': 'Public Record', 'infoString3': None}"
0,22/09/2016,31535465,1.69629E+12,3100000,1624,0.817575249,Listed for sale,StreetEasy,,,FALSE,FALSE,"{'infoString1': '', 'infoString2': 'StreetEasy', 'infoString3': None}"
1,14/10/2016,31535465,1.27172E+12,1705569,893,0,Sold,Public Record,,,FALSE,FALSE,"{'infoString1': None, 'infoString2': 'Public Record', 'infoString3': None}"
0,04/05/2017,31535465,1.69629E+12,425000,,-0.031890661,Listed for sale,StreetEasy,,,FALSE,FALSE,"{'infoString1': None, 'infoString2': 'StreetEasy', 'infoString3': None}"
0,19/10/2017,31535465,1.69629E+12,3695000,641,0,Listed for sale,StreetEasy,,,FALSE,FALSE,"{'infoString1': '', 'infoString2': 'StreetEasy', 'infoString3': None}"
0,07/02/2018,31535465,1.69638E+12,887785,,-9.57E-05,Listed for sale,StreetEasy,,,FALSE,FALSE,"{'infoString1': '', 'infoString2': 'StreetEasy', 'infoString3': None}"
1,03/04/2018,31535465,1.69404E+12,,,0,Listing removed,StreetEasy,,,FALSE,FALSE,"{'infoString1': None, 'infoString2': 'StreetEasy', 'infoString3': None}"
2,05/12/2018,31535465,1.69266E+12,887870,,0.008943182,Price change,StreetEasy,,,FALSE,FALSE,"{'infoString1': '', 'infoString2': 'StreetEasy', 'infoString3': None}"
3,05/12/2018,31535465,1.69163E+12,880000,,0,Listed for sale,StreetEasy,,,FALSE,FALSE,"{'infoString1': '', 'infoString2': 'StreetEasy', 'infoString3': None}"
0,20/02/2019,31535465,1.6962E+12,4750000,,0,Listed for sale,StreetEasy,,,FALSE,FALSE,"{'infoString1': '', 'infoString2': 'StreetEasy', 'infoString3': None}"
0,19/10/2020,31535465,1.69629E+12,4000,,0.337792642,Listed for rent,Zillow Rentals,,,FALSE,TRUE,"{'infoString1': None, 'infoString2': 'Zillow Rentals', 'infoString3': None}"
0,09/07/2021,31535465,1.6962E+12,4250000,,0.168866887,Listed for sale,StreetEasy,,,FALSE,FALSE,"{'infoString1': '', 'infoString2': 'StreetEasy', 'infoString3': None}"
1,18/01/2022,31535465,1.3735E+12,3636000,,0,Sold,Public Record,,,FALSE,FALSE,"{'infoString1': None, 'infoString2': 'Public Record', 'infoString3': None}"
0,08/08/2022,31535465,1.6962E+12,399000,520,0,Listed for sale,StreetEasy,,,FALSE,FALSE,"{'infoString1': '', 'infoString2': 'StreetEasy', 'infoString3': None}"
1,29/09/2023,31535465,1.66536E+12,,,0,Listing removed,StreetEasy,,,FALSE,TRUE,"{'infoString1': None, 'infoString2': 'StreetEasy', 'infoString3': None}"
2,03/10/2023,31540998,1.66432E+12,3100,4,0,Listed for rent,StreetEasy,,,FALSE,TRUE,"{'infoString1': '', 'infoString2': 'StreetEasy', 'infoString3': None}"
3,26/07/2005,31541240,1.66329E+12,,,0,Listing removed,StreetEasy,,,FALSE,FALSE,"{'infoString1': None, 'infoString2': 'StreetEasy', 'infoString3': None}"
4,28/09/2006,31541240,1.65525E+12,399000,520,-0.132608696,Price change,StreetEasy,,,FALSE,FALSE,"{'infoString1': '', 'infoString2': 'StreetEasy', 'infoString3': None}"
5,05/02/2015,31541240,1.65249E+12,460000,599,-0.070707071,Price change,StreetEasy,,,FALSE,FALSE,"{'infoString1': '', 'infoString2': 'StreetEasy', 'infoString3': None}"
6,06/02/2015,31541240,1.64868E+12,495000,645,0,Listed for sale,StreetEasy,,,FALSE,FALSE,"{'infoString1': '', 'infoString2': 'StreetEasy', 'infoString3': None}"
7,21/09/2015,31541240,1.63909E+12,,,0,Listing removed,StreetEasy,,,FALSE,FALSE,"{'infoString1': None, 'infoString2': 'StreetEasy', 'infoString3': None}"
8,21/01/2016,31541240,1.63719E+12,495000,645,11.375,Listed for sale,StreetEasy,,,FALSE,FALSE,"{'infoString1': '', 'infoString2': 'StreetEasy', 'infoString3': None}"
9,10/10/2017,31541240,1.55606E+12,40000,52,0,Sold,Public Record,,,FALSE,FALSE,"{'infoString1': None, 'infoString2': 'Public Record', 'infoString3': None}"
0,02/10/2023,31541240,1.6962E+12,1489000,,0,Listed for sale,StreetEasy,,,FALSE,FALSE,"{'infoString1': '', 'infoString2': 'StreetEasy', 'infoString3': None}"
0,28/09/2006,31546574,1.6962E+12,6500000,3232,0,Listed for sale,StreetEasy,,,FALSE,FALSE,"{'infoString1': '', 'infoString2': 'StreetEasy', 'infoString3': None}"
1,07/12/2018,31546574,1.68774E+12,,,0,Listing removed,StreetEasy,,,FALSE,FALSE,"{'infoString1': None, 'infoString2': 'StreetEasy', 'infoString3': None}"
2,07/09/2019,31546574,1.67512E+12,6500000,3232,-0.171974522,Price change,StreetEasy,,,FALSE,FALSE,"{'infoString1': '', 'infoString2': 'StreetEasy', 'infoString3': None}"
3,11/09/2019,31546574,1.65223E+12,7850000,3904,0.401691851,Listed for sale,StreetEasy,,,FALSE,FALSE,"{'infoString1': '', 'infoString2': 'StreetEasy', 'infoString3': None}"
4,17/09/2019,31546574,1.36806E+12,5600375,2785,-0.690002268,Sold,Public Record,,,FALSE,FALSE,"{'infoString1': None, 'infoString2': 'Public Record', 'infoString3': None}"
5,18/09/2019,31546574,1.20364E+12,18065858,8984,1.9287089,Sold,Public Record,,,FALSE,FALSE,"{'infoString1': None, 'infoString2': 'Public Record', 'infoString3': None}"
6,20/09/2019,31546574,1.18912E+12,6168540,3067,-0.914527643,Sold,Public Record,,,FALSE,FALSE,"{'infoString1': None, 'infoString2': 'Public Record', 'infoString3': None}"
7,22/09/2019,31546574,1.1594E+12,72170000,35888,0,Sold,Public Record,,,FALSE,FALSE,"{'infoString1': None, 'infoString2': 'Public Record', 'infoString3': None}"
0,26/09/2019,31546574,1.6962E+12,695000,695,0.03115727,Listed for sale,StreetEasy,,,FALSE,FALSE,"{'infoString1': '', 'infoString2': 'StreetEasy', 'infoString3': None}"
1,28/09/2019,31546574,1.68748E+12,,,0,Listing removed,StreetEasy,,,FALSE,FALSE,"{'infoString1': None, 'infoString2': 'StreetEasy', 'infoString3': None}"
2,05/10/2019,31546574,1.67996E+12,674000,674,0.038520801,Listed for sale,StreetEasy,,,FALSE,FALSE,"{'infoString1': '', 'infoString2': 'StreetEasy', 'infoString3': None}"
3,07/10/2019,31546574,1.67184E+12,,,0,Listing removed,StreetEasy,,,FALSE,FALSE,"{'infoString1': None, 'infoString2': 'StreetEasy', 'infoString3': None}"
4,09/10/2019,31546574,1.66666E+12,649000,649,-0.037091988,Price change,StreetEasy,,,FALSE,FALSE,"{'infoString1': '', 'infoString2': 'StreetEasy', 'infoString3': None}"
5,11/10/2019,31546574,1.66415E+12,674000,674,-0.035765379,Price change,StreetEasy,,,FALSE,FALSE,"{'infoString1': '', 'infoString2': 'StreetEasy', 'infoString3': None}"
6,17/10/2019,31546574,1.65966E+12,699000,699,0.644705882,Listed for sale,StreetEasy,,,FALSE,FALSE,"{'infoString1': '', 'infoString2': 'StreetEasy', 'infoString3': None}"
7,21/10/2019,31546574,1.17677E+12,425000,425,0,Sold,Public Record,,,FALSE,FALSE,"{'infoString1': None, 'infoString2': 'Public Record', 'infoString3': None}"
0,23/10/2019,31546574,1.6962E+12,399000,570,0,Listed for sale,StreetEasy,,,FALSE,FALSE,"{'infoString1': '', 'infoString2': 'StreetEasy', 'infoString3': None}"
0,26/10/2019,31546574,1.6962E+12,6900000,,-0.013581129,Listed for sale,StreetEasy,,,FALSE,FALSE,"{'infoString1': '', 'infoString2': 'StreetEasy', 'infoString3': None}"
1,27/10/2019,31546574,1.68843E+12,,,0,Listing removed,StreetEasy,,,FALSE,FALSE,"{'infoString1': None, 'infoString2': 'StreetEasy', 'infoString3': None}"
2,29/10/2019,31546574,1.68299E+12,6995000,,-0.028472222,Price change,StreetEasy,,,FALSE,FALSE,"{'infoString1': '', 'infoString2': 'StreetEasy', 'infoString3': None}"
3,30/10/2019,31546574,1.67884E+12,7200000,,-0.026369168,Price change,StreetEasy,,,FALSE,FALSE,"{'infoString1': '', 'infoString2': 'StreetEasy', 'infoString3': None}"
4,04/11/2019,31546574,1.66147E+12,7395000,,0,Listed for sale,StreetEasy,,,FALSE,FALSE,"{'infoString1': '', 'infoString2': 'StreetEasy', 'infoString3': None}"
5,07/11/2019,31546574,1.65629E+12,,,0,Listing removed,StreetEasy,,,FALSE,FALSE,"{'infoString1': None, 'infoString2': 'StreetEasy', 'infoString3': None}"
6,10/11/2019,31546574,1.65145E+12,7395000,,-0.014,Price change,StreetEasy,,,FALSE,FALSE,"{'infoString1': '', 'infoString2': 'StreetEasy', 'infoString3': None}"
7,13/11/2019,31546574,1.64687E+12,7500000,,0,Listed for sale,StreetEasy,,,FALSE,FALSE,"{'infoString1': '', 'infoString2': 'StreetEasy', 'infoString3': None}"
8,14/11/2019,31546574,1.6194E+12,,,0,Listing removed,StreetEasy,,,FALSE,FALSE,"{'infoString1': None, 'infoString2': 'StreetEasy', 'infoString3': None}"
9,29/09/2023,31546574,1.5844E+12,7500000,,0,Listed for sale,Corcoran,,,FALSE,FALSE,"{'infoString1': None, 'infoString2': 'Corcoran', 'infoString3': None}"
0,23/06/1999,55501233,1.6962E+12,3495000,2835,0.28021978,Listed for sale,StreetEasy,,,FALSE,FALSE,"{'infoString1': '', 'infoString2': 'StreetEasy', 'infoString3': None}"
1,01/03/2013,55501233,1.37281E+12,2730000,2214,0.240909091,Sold,Public Record,,"{'photo': {'url': 'https://photos.zillowstatic.com/h_e/IS-1ts4cgpu00ajh.jpg'}, 'profileUrl': '/profile/user964070/', 'name': 'Frank Arends'}",FALSE,FALSE,"{'infoString1': None, 'infoString2': 'Public Record', 'infoString3': None}"
2,03/07/2013,55501233,1.3621E+12,2200000,1784,2.151862464,Listed for sale,"Town Residential, LLC",,,FALSE,FALSE,"{'infoString1': None, 'infoString2': 'Town Residential, LLC', 'infoString3': None}"
3,02/10/2023,55501233,9.30096E+11,698000,566,0,Sold,Public Record,,,FALSE,FALSE,"{'infoString1': None, 'infoString2': 'Public Record', 'infoString3': None}"
0,28/09/2006,69524580,1.6962E+12,1250000,1136,0.000800641,Listed for sale,StreetEasy,,,FALSE,FALSE,"{'infoString1': '', 'infoString2': 'StreetEasy', 'infoString3': None}"
1,07/09/2007,69524580,1.68618E+12,,,0,Listing removed,StreetEasy,,,FALSE,FALSE,"{'infoString1': None, 'infoString2': 'StreetEasy', 'infoString3': None}"
2,22/02/2008,69524580,1.68005E+12,1249000,1135,-0.031782946,Price change,StreetEasy,,,FALSE,FALSE,"{'infoString1': '', 'infoString2': 'StreetEasy', 'infoString3': None}"
3,09/05/2013,69524580,1.67962E+12,1290000,1173,-0.006928406,Price change,StreetEasy,,,FALSE,FALSE,"{'infoString1': '', 'infoString2': 'StreetEasy', 'infoString3': None}"
4,11/05/2022,69524580,1.66666E+12,1299000,1181,-0.037777778,Price change,StreetEasy,,,FALSE,FALSE,"{'infoString1': '', 'infoString2': 'StreetEasy', 'infoString3': None}"
5,31/01/2023,69524580,1.66329E+12,1350000,1227,-0.032258065,Price change,StreetEasy,,,FALSE,FALSE,"{'infoString1': '', 'infoString2': 'StreetEasy', 'infoString3': None}"
6,26/06/2023,69524580,1.65698E+12,1395000,1268,-0.021052632,Price change,StreetEasy,,,FALSE,FALSE,"{'infoString1': '', 'infoString2': 'StreetEasy', 'infoString3': None}"
7,02/10/2023,69524580,1.65456E+12,1425000,1295,-0.033898305,Listed for sale,StreetEasy,,,FALSE,FALSE,"{'infoString1': '', 'infoString2': 'StreetEasy', 'infoString3': None}"
8,28/09/2006,72517702,1.5622E+12,1475000,1341,0,Listing removed,Brown Harris Stevens,,,FALSE,FALSE,"{'infoString1': '19176638', 'infoString2': 'Brown Harris Stevens', 'infoString3': None}"
9,14/10/2015,72517702,1.55917E+12,1475000,1341,-0.016666667,Price change,Brown Harris Stevens,,,FALSE,FALSE,"{'infoString1': None, 'infoString2': 'Brown Harris Stevens', 'infoString3': None}"
10,16/12/2015,72517702,1.54164E+12,1500000,1364,0.102941176,Listed for sale,Brown Harris Stevens,,,FALSE,FALSE,"{'infoString1': None, 'infoString2': 'Brown Harris Stevens', 'infoString3': None}"
11,29/02/2016,72517702,1.43407E+12,1360000,1236,-0.025089606,Sold,Public Record,,"{'photo': None, 'profileUrl': '/profile/Barbara4673/', 'name': 'Barbara'}",FALSE,FALSE,"{'infoString1': None, 'infoString2': 'Public Record', 'infoString3': None}"
12,05/04/2017,72517702,1.42327E+12,1395000,1268,0,Pending sale,Corcoran,,,FALSE,FALSE,"{'infoString1': '3389939', 'infoString2': 'Corcoran', 'infoString3': None}"
13,05/05/2017,72517702,1.42119E+12,1395000,1268,0.367647059,Listed for sale,Corcoran,,,FALSE,FALSE,"{'infoString1': '3389939', 'infoString2': 'Corcoran', 'infoString3': None}"
14,12/09/2017,72517702,1.36572E+12,1020000,927,-0.037735849,Sold,Public Record,,,FALSE,FALSE,"{'infoString1': None, 'infoString2': 'Public Record', 'infoString3': None}"
15,18/09/2017,72517702,1.35855E+12,1060000,964,0,Pending sale,BHS   BHS/EXCL,,,FALSE,FALSE,"{'infoString1': None, 'infoString2': 'BHS   BHS/EXCL', 'infoString3': None}"
16,27/09/2017,72517702,1.35726E+12,1060000,964,-0.036363636,Price change,BHS   BHS/EXCL,,,FALSE,FALSE,"{'infoString1': None, 'infoString2': 'BHS   BHS/EXCL', 'infoString3': None}"
17,08/06/2018,72517702,1.35138E+12,1100000,1000,-0.005514872,Listed for sale,BHSR   BROWN HARRIS STEVENS  REBNY,,,FALSE,FALSE,"{'infoString1': None, 'infoString2': 'BHSR   BROWN HARRIS STEVENS  REBNY', 'infoString3': None}"
18,27/07/2018,72517702,1.18524E+12,1106100,1006,0,Sold,Public Record,,,FALSE,FALSE,"{'infoString1': None, 'infoString2': 'Public Record', 'infoString3': None}"
0,05/09/2018,72517702,1.6962E+12,560000,,0,Listed for sale,StreetEasy,,,FALSE,FALSE,"{'infoString1': '1342829296799522769', 'infoString2': 'StreetEasy', 'infoString3': None}"
1,18/10/2018,72517702,1.65836E+12,,,0,Listing removed,StreetEasy,,,FALSE,TRUE,"{'infoString1': None, 'infoString2': 'StreetEasy', 'infoString3': None}"
2,28/01/2019,72517702,1.65802E+12,3200,,0,Listed for rent,StreetEasy,,,FALSE,TRUE,"{'infoString1': '', 'infoString2': 'StreetEasy', 'infoString3': None}"
0,11/09/2019,72517702,1.6962E+12,1200000,,-0.139784946,Listed for sale,StreetEasy,,,FALSE,FALSE,"{'infoString1': '', 'infoString2': 'StreetEasy', 'infoString3': None}"
1,14/09/2019,72517702,1.52168E+12,1395000,,0,Listing removed,Douglas Elliman,,,FALSE,FALSE,"{'infoString1': '2911421', 'infoString2': 'Douglas Elliman', 'infoString3': None}"
2,10/01/2020,72517702,1.51813E+12,1395000,,0,Listed for sale,Douglas Elliman,,,FALSE,FALSE,"{'infoString1': '2911421', 'infoString2': 'Douglas Elliman', 'infoString3': None}"
0,25/01/2020,72517702,1.6962E+12,725000,906,0.098484848,Listed for sale,StreetEasy,,,FALSE,FALSE,"{'infoString1': '', 'infoString2': 'StreetEasy', 'infoString3': None}"
1,09/12/2022,72517702,1.21461E+12,660000,825,1.037037037,Sold,Public Record,,,FALSE,FALSE,"{'infoString1': None, 'infoString2': 'Public Record', 'infoString3': None}"
2,13/12/2022,72517702,1.1594E+12,324000,405,0,Sold,Public Record,,,FALSE,FALSE,"{'infoString1': None, 'infoString2': 'Public Record', 'infoString3': None}"
0,29/09/2023,72517702,1.6962E+12,2995000,,51.22956595,Listed for sale,StreetEasy,,,FALSE,FALSE,"{'infoString1': '', 'infoString2': 'StreetEasy', 'infoString3': None}"
1,28/09/2006,72518478,1.46837E+12,57343,,0,Sold,Public Record,,,FALSE,FALSE,"{'infoString1': None, 'infoString2': 'Public Record', 'infoString3': None}"
0,28/09/2023,72518478,1.6962E+12,2350000,1747,0,Listed for sale,StreetEasy,,,FALSE,FALSE,"{'infoString1': '', 'infoString2': 'StreetEasy', 'infoString3': None}"
1,28/09/2006,72523812,1.69292E+12,,,0,Listing removed,StreetEasy,,,FALSE,FALSE,"{'infoString1': None, 'infoString2': 'StreetEasy', 'infoString3': None}"
2,28/06/2008,72523812,1.688E+12,2350000,1747,-0.094412331,Price change,StreetEasy,,,FALSE,FALSE,"{'infoString1': '', 'infoString2': 'StreetEasy', 'infoString3': None}"
3,02/10/2023,72523812,1.68204E+12,2595000,1929,0.04008016,Listed for sale,StreetEasy,,,FALSE,FALSE,"{'infoString1': '', 'infoString2': 'StreetEasy', 'infoString3': None}"
4,28/09/2006,72527862,1.54518E+12,2495000,1855,0,Listing removed,Douglas Elliman,,,FALSE,FALSE,"{'infoString1': '2804536', 'infoString2': 'Douglas Elliman', 'infoString3': None}"
5,28/02/2023,72527862,1.49792E+12,2495000,1855,0.054968288,Listed for sale,Douglas Elliman,,,FALSE,FALSE,"{'infoString1': '2804536', 'infoString2': 'Douglas Elliman', 'infoString3': None}"
6,13/04/2023,72527862,1.48902E+12,2365000,1758,0,Listing removed,Douglas Elliman,,,FALSE,FALSE,"{'infoString1': '2520220', 'infoString2': 'Douglas Elliman', 'infoString3': None}"
7,09/05/2023,72527862,1.4739E+12,2365000,1758,0,Listed for sale,Douglas Elliman,,,FALSE,FALSE,"{'infoString1': '2520220', 'infoString2': 'Douglas Elliman', 'infoString3': None}"
8,27/06/2023,72527862,1.45575E+12,2365000,1758,0,Listing removed,Douglas Elliman,,,FALSE,FALSE,"{'infoString1': '2255432', 'infoString2': 'Douglas Elliman', 'infoString3': None}"
9,29/09/2023,72527862,1.4459E+12,2365000,1758,0,Listed for sale,Douglas Elliman,,,FALSE,FALSE,"{'infoString1': None, 'infoString2': 'Douglas Elliman', 'infoString3': None}"
0,17/04/2007,72535705,1.6962E+12,18500000,2313,-0.074768692,Listed for sale,StreetEasy,,,FALSE,FALSE,"{'infoString1': '22465410', 'infoString2': 'StreetEasy', 'infoString3': None}"
1,05/08/2022,72535705,1.50759E+12,19995000,2499,0,Listing removed,Warburg Realty,,,FALSE,FALSE,"{'infoString1': '57319TH', 'infoString2': 'Warburg Realty', 'infoString3': None}"
2,26/09/2022,72535705,1.45333E+12,19995000,2499,-0.200040008,Price change,Warburg Realty,,,FALSE,FALSE,"{'infoString1': '57319TH', 'infoString2': 'Warburg Realty', 'infoString3': None}"
3,25/10/2022,72535705,1.44279E+12,24995000,3124,-0.152711864,Listed for sale,Warburg Realty,,,FALSE,FALSE,"{'infoString1': '57319TH', 'infoString2': 'Warburg Realty', 'infoString3': None}"
4,24/12/2022,72535705,1.42318E+12,29500000,3688,0,Listing removed,Warburg Realty,,,FALSE,FALSE,"{'infoString1': '10005731920150204', 'infoString2': 'Warburg Realty', 'infoString3': None}"
5,28/03/2023,72535705,1.42309E+12,29500000,3688,4.9,Listed for sale,Leslie J. Garfield,,,FALSE,FALSE,"{'infoString1': '10005731920150204', 'infoString2': 'Leslie J. Garfield', 'infoString3': None}"
6,23/06/2023,72535705,1.1594E+12,5000000,625,0,Sold,Public Record,,,FALSE,FALSE,"{'infoString1': None, 'infoString2': 'Public Record', 'infoString3': None}"
7,02/10/2023,72535705,1.12234E+12,5000000,625,0,Sold,Public Record,,,FALSE,FALSE,"{'infoString1': None, 'infoString2': 'Public Record', 'infoString3': None}"
0,24/07/2007,72537157,1.6962E+12,6875000,,-0.017155111,Listed for sale,StreetEasy,,,FALSE,FALSE,"{'infoString1': '22707548', 'infoString2': 'StreetEasy', 'infoString3': None}"
1,28/10/2012,72537157,1.69353E+12,,,0,Listing removed,StreetEasy,,,FALSE,FALSE,"{'infoString1': None, 'infoString2': 'StreetEasy', 'infoString3': None}"
2,04/01/2013,72537157,1.69093E+12,6995000,,-0.067333333,Price change,StreetEasy,,,FALSE,FALSE,"{'infoString1': '1286138591436513009', 'infoString2': 'StreetEasy', 'infoString3': None}"
3,19/01/2013,72537157,1.68108E+12,7500000,,0.042390549,Listed for sale,StreetEasy,,,FALSE,FALSE,"{'infoString1': '1286138591436513009', 'infoString2': 'StreetEasy', 'infoString3': None}"
4,12/04/2013,72537157,1.67927E+12,,,0,Listing removed,StreetEasy,,,FALSE,FALSE,"{'infoString1': None, 'infoString2': 'StreetEasy', 'infoString3': None}"
5,14/01/2015,72537157,1.67322E+12,7195000,,-0.100062539,Listed for sale,StreetEasy,,,FALSE,FALSE,"{'infoString1': '', 'infoString2': 'StreetEasy', 'infoString3': None}"
6,07/02/2015,72537157,1.67236E+12,,,0,Listing removed,StreetEasy,,,FALSE,FALSE,"{'infoString1': None, 'infoString2': 'StreetEasy', 'infoString3': None}"
7,12/06/2015,72537157,1.6645E+12,7995000,,0,Listed for sale,StreetEasy,,,FALSE,FALSE,"{'infoString1': '', 'infoString2': 'StreetEasy', 'infoString3': None}"
0,08/11/2018,72537157,1.6962E+12,795000,,0,Listed for sale,StreetEasy,,,FALSE,FALSE,"{'infoString1': '', 'infoString2': 'StreetEasy', 'infoString3': None}"
1,30/05/2019,72537157,1.68808E+12,,,0,Listing removed,OneKey® MLS,,,FALSE,FALSE,"{'infoString1': 'H6220164', 'infoString2': 'OneKey® MLS', 'infoString3': 'https://photos.zillowstatic.com/fp/4e66a55bd37a412d002fb678e0dbded9-zillow_web_logo_inf_11.jpg'}"
2,04/07/2019,72537157,1.68255E+12,795000,,-0.036363636,Price change,StreetEasy,,,FALSE,FALSE,"{'infoString1': '', 'infoString2': 'StreetEasy', 'infoString3': None}"
3,07/06/2022,72537157,1.66804E+12,825000,,0,Listed for sale,StreetEasy,,,FALSE,FALSE,"{'infoString1': '', 'infoString2': 'StreetEasy', 'infoString3': None}"
0,05/07/2022,72537157,1.6962E+12,10995000,2911,0,Listed for sale,StreetEasy,,,FALSE,FALSE,"{'infoString1': '22708424', 'infoString2': 'StreetEasy', 'infoString3': None}"
1,16/09/2022,72537157,1.50094E+12,10995000,2911,0,Listing removed,Compass,,,FALSE,FALSE,"{'infoString1': 'e173c7a65b4abdf05946d7e80bb0bdffcdb1d666', 'infoString2': 'Compass', 'infoString3': None}"
2,25/10/2022,72537157,1.49731E+12,10995000,2911,0,Pending sale,Compass,,,FALSE,FALSE,"{'infoString1': 'e173c7a65b4abdf05946d7e80bb0bdffcdb1d666', 'infoString2': 'Compass', 'infoString3': None}"
3,24/03/2023,72537157,1.49619E+12,10995000,2911,-0.043913043,Price change,Compass,,,FALSE,FALSE,"{'infoString1': 'e173c7a65b4abdf05946d7e80bb0bdffcdb1d666', 'infoString2': 'Compass', 'infoString3': None}"
4,29/03/2023,72537157,1.47597E+12,11500000,3045,-0.488888889,Listed for sale,Douglas Elliman,,,FALSE,FALSE,"{'infoString1': '2544491', 'infoString2': 'Douglas Elliman', 'infoString3': None}"
5,08/06/2023,72537157,1.43148E+12,22500000,5957,0,Listing removed,Douglas Elliman,,,FALSE,FALSE,"{'infoString1': '2042482', 'infoString2': 'Douglas Elliman', 'infoString3': None}"
6,02/10/2023,72537157,1.42491E+12,22500000,5957,0.956521739,Listed for sale,Douglas Elliman,,,FALSE,FALSE,"{'infoString1': None, 'infoString2': 'Douglas Elliman', 'infoString3': None}"
7,04/11/2009,72537926,1.371E+12,11500000,3045,12.8966764,Sold,Public Record,,,FALSE,FALSE,"{'infoString1': None, 'infoString2': 'Public Record', 'infoString3': None}"
8,23/08/2021,72537926,1.33764E+12,827536,219,0,Sold,Public Record,,,FALSE,FALSE,"{'infoString1': None, 'infoString2': 'Public Record', 'infoString3': None}"
9,01/09/2021,72537926,1.32538E+12,9000,2,0,Listing removed,MQ Realty LLC,,,FALSE,TRUE,"{'infoString1': '10809', 'infoString2': 'MQ Realty LLC', 'infoString3': None}"
10,09/11/2021,72537926,1.32322E+12,9000,2,0,Listed for rent,MQ Realty LLC,,,FALSE,TRUE,"{'infoString1': '10809', 'infoString2': 'MQ Realty LLC', 'infoString3': None}"
0,21/11/2021,72537926,1.6962E+12,4000,8,0,Listed for rent,Zillow Rentals,,,FALSE,TRUE,"{'infoString1': None, 'infoString2': 'Zillow Rentals', 'infoString3': None}"
1,28/06/2022,72537926,1.6505E+12,,,0,Listing removed,StreetEasy,,,FALSE,FALSE,"{'infoString1': None, 'infoString2': 'StreetEasy', 'infoString3': None}"
2,02/07/2022,72537926,1.64186E+12,417000,791,0,Pending sale,StreetEasy,,,FALSE,FALSE,"{'infoString1': '', 'infoString2': 'StreetEasy', 'infoString3': None}"
3,03/10/2023,72537926,1.63512E+12,417000,791,-0.062921348,Price change,StreetEasy,,,FALSE,FALSE,"{'infoString1': '', 'infoString2': 'StreetEasy', 'infoString3': None}"
4,28/09/2006,72537954,1.63356E+12,445000,844,-0.043010753,Price change,StreetEasy,,,FALSE,FALSE,"{'infoString1': '', 'infoString2': 'StreetEasy', 'infoString3': None}"
5,29/09/2023,72537954,1.62994E+12,465000,882,0,Listed for sale,StreetEasy,,,FALSE,FALSE,"{'infoString1': '', 'infoString2': 'StreetEasy', 'infoString3': None}"
0,28/09/2006,72538076,1.69629E+12,1735000,,0,Listed for sale,StreetEasy,,,FALSE,FALSE,"{'infoString1': '', 'infoString2': 'StreetEasy', 'infoString3': None}"
0,22/06/2016,72538076,1.69629E+12,690000,,0,Listed for sale,StreetEasy,,,FALSE,FALSE,"{'infoString1': '', 'infoString2': 'StreetEasy', 'infoString3': None}"
0,25/01/2017,72538076,1.69629E+12,28500000,2317,0.075471698,Listed for sale,StreetEasy,,,FALSE,FALSE,"{'infoString1': None, 'infoString2': 'StreetEasy', 'infoString3': None}"
1,13/06/2018,72538076,1.68713E+12,,,0,Listing removed,StreetEasy,,,FALSE,FALSE,"{'infoString1': None, 'infoString2': 'StreetEasy', 'infoString3': None}"
2,26/09/2018,72538076,1.68022E+12,26500000,2154,0,Pending sale,StreetEasy,,,FALSE,FALSE,"{'infoString1': '', 'infoString2': 'StreetEasy', 'infoString3': None}"
3,07/01/2020,72538076,1.67504E+12,26500000,2154,-0.036188398,Price change,StreetEasy,,,FALSE,FALSE,"{'infoString1': '', 'infoString2': 'StreetEasy', 'infoString3': None}"
4,28/09/2020,72538076,1.66674E+12,27495000,2235,-0.076574307,Listed for sale,StreetEasy,,,FALSE,FALSE,"{'infoString1': '', 'infoString2': 'StreetEasy', 'infoString3': None}"
5,04/11/2020,72538076,1.66571E+12,,,0,Listing removed,StreetEasy,,,FALSE,FALSE,"{'infoString1': None, 'infoString2': 'StreetEasy', 'infoString3': None}"
6,28/09/2023,72538076,1.64385E+12,29775000,2421,-0.0075,Price change,StreetEasy,,,FALSE,FALSE,"{'infoString1': '', 'infoString2': 'StreetEasy', 'infoString3': None}"
7,28/09/2006,72539555,1.63711E+12,30000000,2439,0.153846154,Listed for sale,StreetEasy,,,FALSE,FALSE,"{'infoString1': '', 'infoString2': 'StreetEasy', 'infoString3': None}"
8,26/03/2022,72539555,1.63503E+12,,,0,Listing removed,StreetEasy,,,FALSE,FALSE,"{'infoString1': '', 'infoString2': 'StreetEasy', 'infoString3': None}"
9,03/10/2022,72539555,1.6219E+12,26000000,2114,-0.12605042,Price change,StreetEasy,,,FALSE,FALSE,"{'infoString1': '', 'infoString2': 'StreetEasy', 'infoString3': None}"
10,16/12/2022,72539555,1.61464E+12,29750000,2419,0,Listed for sale,Sotheby's International Realty,,,FALSE,FALSE,"{'infoString1': None, 'infoString2': ""Sotheby's International Realty"", 'infoString3': None}"
0,11/01/2023,72539555,1.69612E+12,4190000,2659,0.260150376,Listed for sale,StreetEasy,,,FALSE,FALSE,"{'infoString1': '', 'infoString2': 'StreetEasy', 'infoString3': None}"
1,14/03/2023,72539555,1.62605E+12,,,0,Listing removed,StreetEasy,,,FALSE,FALSE,"{'infoString1': None, 'infoString2': 'StreetEasy', 'infoString3': None}"
2,30/06/2023,72539555,1.61827E+12,3325000,2110,0,Pending sale,StreetEasy,,,FALSE,FALSE,"{'infoString1': '', 'infoString2': 'StreetEasy', 'infoString3': None}"
3,29/09/2023,72539555,1.61093E+12,3325000,2110,0,Listed for sale,Reuveni Real Estate LLC,,,FALSE,FALSE,"{'infoString1': None, 'infoString2': 'Reuveni Real Estate LLC', 'infoString3': None}"
0,30/08/2007,72672722,1.69612E+12,1950000,2031,0.805555556,Listed for sale,StreetEasy,,,FALSE,FALSE,"{'infoString1': '', 'infoString2': 'StreetEasy', 'infoString3': None}"
1,10/09/2010,72672722,1.27855E+12,1080000,1125,-0.060869565,Sold,Public Record,,,FALSE,FALSE,"{'infoString1': None, 'infoString2': 'Public Record', 'infoString3': None}"
2,12/10/2010,72672722,1.27077E+12,1150000,1198,-0.00862069,Listed for sale,Citi Habitats,,,FALSE,FALSE,"{'infoString1': '642094', 'infoString2': 'Citi Habitats', 'infoString3': None}"
3,05/12/2010,72672722,1.19647E+12,1160000,1208,0,Sold,Public Record,,,FALSE,FALSE,"{'infoString1': None, 'infoString2': 'Public Record', 'infoString3': None}"
0,14/12/2010,72672722,1.69603E+12,2295000,2013,1.436290215,Listed for sale,StreetEasy,,,FALSE,FALSE,"{'infoString1': '', 'infoString2': 'StreetEasy', 'infoString3': None}"
1,02/12/2011,72672722,1.25073E+12,942006,826,0,Sold,Public Record,,,FALSE,FALSE,"{'infoString1': None, 'infoString2': 'Public Record', 'infoString3': None}"
0,03/02/2012,72672722,1.69603E+12,1300000,1300,0.083333333,Listed for sale,StreetEasy,,,FALSE,FALSE,"{'infoString1': '', 'infoString2': 'StreetEasy', 'infoString3': None}"
1,23/03/2012,72672722,1.68005E+12,,,0,Listing removed,StreetEasy,,,FALSE,FALSE,"{'infoString1': None, 'infoString2': 'StreetEasy', 'infoString3': None}"
2,28/09/2023,72672722,1.67547E+12,1200000,1200,0,Pending sale,StreetEasy,,,FALSE,FALSE,"{'infoString1': '1216727014383567457', 'infoString2': 'StreetEasy', 'infoString3': None}"
3,01/12/2007,79495315,1.67279E+12,1200000,1200,0,Listed for sale,StreetEasy,,,FALSE,FALSE,"{'infoString1': '', 'infoString2': 'StreetEasy', 'infoString3': None}"
0,09/04/2010,79495315,1.69586E+12,849999,1133,-0.017342197,Listed for sale,OneKey® MLS,,,FALSE,FALSE,"{'infoString1': 'H6271151', 'infoString2': 'OneKey® MLS', 'infoString3': 'https://photos.zillowstatic.com/fp/4e66a55bd37a412d002fb678e0dbded9-zillow_web_logo_inf_11.jpg'}"
1,08/07/2010,79495315,1.52963E+12,865000,1153,0,Listing removed,Warburg Realty,,,FALSE,FALSE,"{'infoString1': None, 'infoString2': 'Warburg Realty', 'infoString3': None}"
2,01/10/2023,79495315,1.5241E+12,865000,1153,0,Pending sale,Warburg Realty,,,FALSE,FALSE,"{'infoString1': None, 'infoString2': 'Warburg Realty', 'infoString3': None}"
3,31/05/2008,79499004,1.5215E+12,865000,1153,-0.011428571,Price change,Warburg Realty,,,FALSE,FALSE,"{'infoString1': None, 'infoString2': 'Warburg Realty', 'infoString3': None}"
4,03/10/2023,79499004,1.51813E+12,875000,1167,0,Listed for sale,Warburg Realty,,,FALSE,FALSE,"{'infoString1': None, 'infoString2': 'Warburg Realty', 'infoString3': None}"
0,20/08/2009,80006983,1.69595E+12,1250000,,0,Listed for sale,StreetEasy,,,FALSE,FALSE,"{'infoString1': '', 'infoString2': 'StreetEasy', 'infoString3': None}"
0,30/09/2023,80006983,1.69595E+12,1950000,813,0,Listed for sale,StreetEasy,,,FALSE,FALSE,"{'infoString1': '', 'infoString2': 'StreetEasy', 'infoString3': None}"
0,04/11/2009,83892487,1.69595E+12,1950000,367,0,Listed for sale,OneKey® MLS,,,FALSE,FALSE,"{'infoString1': 'H6271389', 'infoString2': 'OneKey® MLS', 'infoString3': 'https://photos.zillowstatic.com/fp/4e66a55bd37a412d002fb678e0dbded9-zillow_web_logo_inf_11.jpg'}"
1,02/04/2023,83892487,1.69586E+12,,,0,Listing removed,StreetEasy,,,FALSE,FALSE,"{'infoString1': None, 'infoString2': 'StreetEasy', 'infoString3': None}"
2,11/05/2023,83892487,1.69102E+12,1950000,367,0,Pending sale,StreetEasy,,,FALSE,FALSE,"{'infoString1': '', 'infoString2': 'StreetEasy', 'infoString3': None}"
3,19/08/2023,83892487,1.68912E+12,1950000,367,-0.071428571,Price change,StreetEasy,,,FALSE,FALSE,"{'infoString1': '', 'infoString2': 'StreetEasy', 'infoString3': None}"
4,03/10/2023,83892487,1.68739E+12,2100000,395,-0.086956522,Price change,StreetEasy,,,FALSE,FALSE,"{'infoString1': '', 'infoString2': 'StreetEasy', 'infoString3': None}"
5,14/07/2010,92961844,1.6854E+12,2300000,433,0.277777778,Listed for sale,Owner,,,FALSE,FALSE,"{'infoString1': '', 'infoString2': 'Owner', 'infoString3': None}"
6,29/09/2023,92961844,1.66648E+12,,,0,Listing removed,StreetEasy,,,FALSE,FALSE,"{'infoString1': None, 'infoString2': 'StreetEasy', 'infoString3': None}"
7,01/07/2013,96756460,1.66251E+12,1800000,339,-0.181818182,Price change,StreetEasy,,,FALSE,FALSE,"{'infoString1': '21923675', 'infoString2': 'StreetEasy', 'infoString3': None}"
8,17/03/2015,96756460,1.65957E+12,2200000,414,0,Listed for sale,StreetEasy,,,FALSE,FALSE,"{'infoString1': '21923675', 'infoString2': 'StreetEasy', 'infoString3': None}"
9,05/08/2016,96756460,1.56324E+12,1600,0,0,Listing removed,PLUSH REALTY Inc,,,FALSE,TRUE,"{'infoString1': None, 'infoString2': 'PLUSH REALTY Inc', 'infoString3': None}"
10,18/11/2016,96756460,1.56306E+12,1600,0,0,Listed for rent,PLUSH REALTY Inc,,,FALSE,TRUE,"{'infoString1': None, 'infoString2': 'PLUSH REALTY Inc', 'infoString3': None}"
0,01/03/2017,96756460,1.69595E+12,449000,998,0.360606061,Listed for sale,StreetEasy,,,FALSE,FALSE,"{'infoString1': '', 'infoString2': 'StreetEasy', 'infoString3': None}"
1,04/10/2023,96756460,1.27907E+12,330000,733,0,Sold,Public Record,,,FALSE,FALSE,"{'infoString1': None, 'infoString2': 'Public Record', 'infoString3': None}"
0,24/01/2020,97521790,1.69595E+12,519900,945,0.256838395,Listed for sale,OneKey® MLS,,,FALSE,FALSE,"{'infoString1': 'H6271378', 'infoString2': 'OneKey® MLS', 'infoString3': 'https://photos.zillowstatic.com/fp/4e66a55bd37a412d002fb678e0dbded9-zillow_web_logo_inf_11.jpg'}"
1,13/02/2020,97521790,1.57369E+12,413657,752,0,Listing removed,Auction.com,,,FALSE,FALSE,"{'infoString1': None, 'infoString2': 'Auction.com', 'infoString3': None}"
2,16/11/2022,97521790,1.5736E+12,413657,752,-0.000169194,Price change,Auction.com,,,FALSE,FALSE,"{'infoString1': None, 'infoString2': 'Auction.com', 'infoString3': None}"
3,17/02/2023,97521790,1.57334E+12,413727,752,0.000955648,Price change,Auction.com,,,FALSE,FALSE,"{'infoString1': None, 'infoString2': 'Auction.com', 'infoString3': None}"
4,30/06/2023,97521790,1.57308E+12,413332,752,0.001005045,Price change,Auction.com,,,FALSE,FALSE,"{'infoString1': None, 'infoString2': 'Auction.com', 'infoString3': None}"
5,03/10/2023,97521790,1.57283E+12,412917,751,0.010993397,Price change,Auction.com,,,FALSE,FALSE,"{'infoString1': None, 'infoString2': 'Auction.com', 'infoString3': None}"
6,20/04/2010,97524102,1.57239E+12,408427,743,-0.000714427,Price change,Auction.com,,,FALSE,FALSE,"{'infoString1': None, 'infoString2': 'Auction.com', 'infoString3': None}"
7,03/10/2023,97524102,1.57231E+12,408719,743,-9.54E-05,Price change,Auction.com,,,FALSE,FALSE,"{'infoString1': None, 'infoString2': 'Auction.com', 'infoString3': None}"
8,19/07/2011,97530281,1.57213E+12,408758,743,-0.000950759,Price change,Auction.com,,,FALSE,FALSE,"{'infoString1': None, 'infoString2': 'Auction.com', 'infoString3': None}"
9,03/10/2023,97530281,1.57205E+12,409147,744,0.001368126,Price change,Auction.com,,,FALSE,FALSE,"{'infoString1': None, 'infoString2': 'Auction.com', 'infoString3': None}"
10,11/07/2013,119911782,1.57179E+12,408588,743,0.000903927,Price change,Auction.com,,,FALSE,FALSE,"{'infoString1': None, 'infoString2': 'Auction.com', 'infoString3': None}"
11,02/10/2023,119911782,1.57162E+12,408219,742,0.003920074,Price change,Auction.com,,,FALSE,FALSE,"{'infoString1': None, 'infoString2': 'Auction.com', 'infoString3': None}"
12,26/03/2013,119915812,1.57127E+12,406625,739,-0.00592108,Price change,Auction.com,,,FALSE,FALSE,"{'infoString1': None, 'infoString2': 'Auction.com', 'infoString3': None}"
13,29/09/2023,119915812,1.57075E+12,409047,744,-0.002548209,Price change,Auction.com,,,FALSE,FALSE,"{'infoString1': None, 'infoString2': 'Auction.com', 'infoString3': None}"
14,29/09/2023,119918973,1.57058E+12,410092,746,-0.002396145,Price change,Auction.com,,,FALSE,FALSE,"{'infoString1': None, 'infoString2': 'Auction.com', 'infoString3': None}"
15,07/10/2014,122143029,1.57041E+12,411077,747,-0.000942972,Price change,Auction.com,,,FALSE,FALSE,"{'infoString1': None, 'infoString2': 'Auction.com', 'infoString3': None}"
16,14/07/2017,122143029,1.57023E+12,411465,748,-0.007293335,Price change,Auction.com,,,FALSE,FALSE,"{'infoString1': None, 'infoString2': 'Auction.com', 'infoString3': None}"
17,11/08/2017,122143029,1.56963E+12,414488,754,0.000475511,Price change,Auction.com,,,FALSE,FALSE,"{'infoString1': None, 'infoString2': 'Auction.com', 'infoString3': None}"
18,01/12/2017,122143029,1.56946E+12,414291,753,2.90E-05,Price change,Auction.com,,,FALSE,FALSE,"{'infoString1': None, 'infoString2': 'Auction.com', 'infoString3': None}"
19,15/07/2020,122143029,1.56911E+12,414279,753,0.002160209,Price change,Auction.com,,,FALSE,FALSE,"{'infoString1': None, 'infoString2': 'Auction.com', 'infoString3': None}"
20,10/08/2020,122143029,1.56894E+12,413386,752,0.002130873,Price change,Auction.com,,,FALSE,FALSE,"{'infoString1': None, 'infoString2': 'Auction.com', 'infoString3': None}"
21,30/08/2020,122143029,1.56876E+12,412507,750,-0.00121547,Price change,Auction.com,,,FALSE,FALSE,"{'infoString1': None, 'infoString2': 'Auction.com', 'infoString3': None}"
22,14/09/2020,122143029,1.56868E+12,413009,751,0.002909102,Price change,Auction.com,,,FALSE,FALSE,"{'infoString1': None, 'infoString2': 'Auction.com', 'infoString3': None}"
23,07/10/2020,122143029,1.56816E+12,411811,749,0.004510174,Price change,Auction.com,,,FALSE,FALSE,"{'infoString1': None, 'infoString2': 'Auction.com', 'infoString3': None}"
24,06/11/2020,122143029,1.56781E+12,409962,745,0.932807498,Listed for sale,Auction.com,,,FALSE,FALSE,"{'infoString1': None, 'infoString2': 'Auction.com', 'infoString3': None}"
25,16/11/2020,122143029,1.54414E+12,212107,386,-0.089669528,Sold,Public Record,,,FALSE,FALSE,"{'infoString1': None, 'infoString2': 'Public Record', 'infoString3': None}"
26,17/11/2020,122143029,1.1594E+12,233000,424,0,Sold,Public Record,,,FALSE,FALSE,"{'infoString1': None, 'infoString2': 'Public Record', 'infoString3': None}"
0,01/12/2020,122143029,1.69595E+12,680000,1236,0,Listed for sale,StreetEasy,,,FALSE,FALSE,"{'infoString1': '22691201', 'infoString2': 'StreetEasy', 'infoString3': None}"
0,23/02/2021,122143029,1.69595E+12,4795000,1968,0.200250313,Listed for sale,StreetEasy,,,FALSE,FALSE,"{'infoString1': '', 'infoString2': 'StreetEasy', 'infoString3': None}"
1,29/09/2023,122143029,1.47148E+12,3995000,1639,0,Sold,Public Record,,,FALSE,FALSE,"{'infoString1': None, 'infoString2': 'Public Record', 'infoString3': None}"
0,29/04/2015,123579709,1.69595E+12,3595000,1598,0.526539278,Listed for sale,StreetEasy,,,FALSE,FALSE,"{'infoString1': '22704053', 'infoString2': 'StreetEasy', 'infoString3': None}"
1,29/09/2023,123579709,1.59071E+12,2355000,1047,0,Sold,Public Record,"{'photo': {'url': 'https://photos.zillowstatic.com/h_e/ISn2chmkoon7qb1000000000.jpg'}, 'profileUrl': '/profile/JoeBonacci1/', 'name': 'Joseph Bonacci'}","{'photo': {'url': 'https://photos.zillowstatic.com/h_e/ISn2chmkoon7qb1000000000.jpg'}, 'profileUrl': '/profile/JoeBonacci1/', 'name': 'Joseph Bonacci'}",FALSE,FALSE,"{'infoString1': None, 'infoString2': 'Public Record', 'infoString3': None}"
0,02/10/2023,124845598,1.69595E+12,875000,,-0.022346369,Listed for sale,StreetEasy,,,FALSE,FALSE,"{'infoString1': '', 'infoString2': 'StreetEasy', 'infoString3': None}"
1,03/10/2023,145586220,1.56859E+12,895000,,0,Sold,Public Record,,,FALSE,FALSE,"{'infoString1': None, 'infoString2': 'Public Record', 'infoString3': None}"
2,16/09/2015,219668455,1.55779E+12,895000,,-0.004449388,Pending sale,Corcoran,,,FALSE,FALSE,"{'infoString1': '5638737', 'infoString2': 'Corcoran', 'infoString3': None}"
3,06/06/2023,219668455,1.55615E+12,899000,,-0.028108108,Price change,Corcoran,,,FALSE,FALSE,"{'infoString1': '5638737', 'infoString2': 'Corcoran', 'infoString3': None}"
4,13/07/2023,219668455,1.54812E+12,925000,,0,Listed for sale,Corcoran,,,FALSE,FALSE,"{'infoString1': '5638737', 'infoString2': 'Corcoran', 'infoString3': None}"
0,28/09/2023,219668455,1.69595E+12,1600000,,0,Listed for sale,StreetEasy,,,FALSE,FALSE,"{'infoString1': '1410214436344254969', 'infoString2': 'StreetEasy', 'infoString3': None}"
0,29/07/2011,219685697,1.69595E+12,350000,,-0.125,Listed for sale,StreetEasy,,,FALSE,FALSE,"{'infoString1': '', 'infoString2': 'StreetEasy', 'infoString3': None}"
1,29/09/2023,219685697,1.69292E+12,,,0,Listing removed,StreetEasy,,,FALSE,FALSE,"{'infoString1': None, 'infoString2': 'StreetEasy', 'infoString3': None}"
2,13/07/2016,219686205,1.68178E+12,400000,,-0.2,Price change,StreetEasy,,,FALSE,FALSE,"{'infoString1': '', 'infoString2': 'StreetEasy', 'infoString3': None}"
3,02/10/2023,219686205,1.67996E+12,500000,,0,Listed for sale,StreetEasy,,,FALSE,FALSE,"{'infoString1': '', 'infoString2': 'StreetEasy', 'infoString3': None}"
4,18/08/2016,219693876,1.60885E+12,1600,,0,Listing removed,Compass,,,FALSE,TRUE,"{'infoString1': None, 'infoString2': 'Compass', 'infoString3': None}"
5,29/09/2023,219693876,1.60808E+12,1600,,-0.238095238,Listed for rent,Compass,,,FALSE,TRUE,"{'infoString1': None, 'infoString2': 'Compass', 'infoString3': None}"
6,29/09/2023,244709472,1.59589E+12,2100,,0,Listing removed,Compass,,,FALSE,TRUE,"{'infoString1': None, 'infoString2': 'Compass', 'infoString3': None}"
7,29/09/2023,244712798,1.59339E+12,2100,,-0.045454545,Price change,Compass,,,FALSE,TRUE,"{'infoString1': None, 'infoString2': 'Compass', 'infoString3': None}"
8,29/09/2023,244725263,1.59002E+12,2200,,-0.043478261,Price change,Highline Residential,,,FALSE,TRUE,"{'infoString1': None, 'infoString2': 'Highline Residential', 'infoString3': None}"
9,09/02/2018,244728288,1.5895E+12,2300,,0,Listed for rent,Highline Residential,,,FALSE,TRUE,"{'infoString1': None, 'infoString2': 'Highline Residential', 'infoString3': None}"
0,20/03/2018,244728288,1.69595E+12,785000,,0.207692308,Listed for sale,StreetEasy,,,FALSE,FALSE,"{'infoString1': '', 'infoString2': 'StreetEasy', 'infoString3': None}"
1,19/04/2018,244728288,1.61404E+12,650000,,0.04,Sold,Public Record,,"{'photo': {'url': 'https://photos.zillowstatic.com/h_e/ISv4rw81sv9wbm0000000000.jpg'}, 'profileUrl': '/profile/Cindy-Scholz/', 'name': 'Cindy Scholz'}",FALSE,FALSE,"{'infoString1': None, 'infoString2': 'Public Record', 'infoString3': None}"
2,22/06/2018,244728288,1.60678E+12,625000,,0,Pending sale,Compass,,,FALSE,FALSE,"{'infoString1': None, 'infoString2': 'Compass', 'infoString3': None}"
3,28/09/2023,244728288,1.60557E+12,625000,,-0.038461538,Price change,Compass,,,FALSE,FALSE,"{'infoString1': None, 'infoString2': 'Compass', 'infoString3': None}"
4,02/10/2023,244750174,1.60548E+12,650000,,-0.070100143,Price change,Compass,,,FALSE,FALSE,"{'infoString1': None, 'infoString2': 'Compass', 'infoString3': None}"
5,10/11/2022,244750374,1.60462E+12,699000,,-0.035862069,Price change,Compass,,,FALSE,FALSE,"{'infoString1': None, 'infoString2': 'Compass', 'infoString3': None}"
6,27/04/2023,244750374,1.60203E+12,725000,,-0.064516129,Price change,Compass,,,FALSE,FALSE,"{'infoString1': None, 'infoString2': 'Compass', 'infoString3': None}"
7,30/06/2023,244750374,1.60004E+12,775000,,-0.030037547,Price change,Compass,,,FALSE,FALSE,"{'infoString1': None, 'infoString2': 'Compass', 'infoString3': None}"
8,02/10/2023,244750374,1.59875E+12,799000,,-0.043113772,Price change,Compass,,,FALSE,FALSE,"{'infoString1': None, 'infoString2': 'Compass', 'infoString3': None}"
9,28/09/2023,244753267,1.59702E+12,835000,,-0.034682081,Price change,Compass,,,FALSE,FALSE,"{'infoString1': None, 'infoString2': 'Compass', 'infoString3': None}"
10,22/01/2019,244756008,1.59477E+12,865000,,0.029761905,Listed for sale,Compass,,,FALSE,FALSE,"{'infoString1': None, 'infoString2': 'Compass', 'infoString3': None}"
11,25/04/2019,244756008,1.51209E+12,840000,,-0.020979021,Sold,Public Record,,,FALSE,FALSE,"{'infoString1': None, 'infoString2': 'Public Record', 'infoString3': None}"
12,14/05/2019,244756008,1.50241E+12,858000,,0,Pending sale,Brown Harris Stevens,,,FALSE,FALSE,"{'infoString1': '17123356', 'infoString2': 'Brown Harris Stevens', 'infoString3': None}"
13,16/09/2019,244756008,1.49999E+12,858000,,0.588888889,Listed for sale,Brown Harris Stevens,,,FALSE,FALSE,"{'infoString1': '17123356', 'infoString2': 'Brown Harris Stevens', 'infoString3': None}"
14,29/09/2023,244756008,1.41264E+12,540000,,0,Sold,Public Record,"{'photo': {'url': 'https://photos.zillowstatic.com/h_e/IS1jrkdqyjk98e1000000000.jpg'}, 'profileUrl': '/profile/dominiclongcroft/', 'name': 'Dominic Stoddart Longcroft'}","{'photo': {'url': 'https://photos.zillowstatic.com/h_e/IS1jrkdqyjk98e1000000000.jpg'}, 'profileUrl': '/profile/dominiclongcroft/', 'name': 'Dominic Stoddart Longcroft'}",FALSE,FALSE,"{'infoString1': None, 'infoString2': 'Public Record', 'infoString3': None}"
0,28/02/2020,244765355,1.69595E+12,13200000,,0.615790682,Listed for sale,StreetEasy,,,FALSE,FALSE,"{'infoString1': '', 'infoString2': 'StreetEasy', 'infoString3': None}"
1,01/04/2020,244765355,1.43027E+12,8169375,,0,Sold,Public Record,,,FALSE,FALSE,"{'infoString1': None, 'infoString2': 'Public Record', 'infoString3': None}"
0,29/05/2020,244765355,1.69595E+12,11500000,1697,0.010717828,Listed for sale,StreetEasy,,,FALSE,FALSE,"{'infoString1': '', 'infoString2': 'StreetEasy', 'infoString3': None}"
1,21/06/2020,244765355,1.65992E+12,,,0,Listing removed,StreetEasy,,,FALSE,FALSE,"{'infoString1': None, 'infoString2': 'StreetEasy', 'infoString3': None}"
2,21/07/2020,244765355,1.64246E+12,11378052,1679,0.051770383,Listed for sale,StreetEasy,,,FALSE,FALSE,"{'infoString1': '', 'infoString2': 'StreetEasy', 'infoString3': None}"
3,21/08/2020,244765355,1.62579E+12,,,0,Listing removed,Douglas Elliman,,,FALSE,FALSE,"{'infoString1': None, 'infoString2': 'Douglas Elliman', 'infoString3': 'https://photos.zillowstatic.com/fp/516348e93397d0c5ef994a809e58da18-zillow_web_logo_inf_11.jpg'}"
4,07/09/2020,244765355,1.60307E+12,10818000,1597,-0.119413919,Price change,Douglas Elliman,,,FALSE,FALSE,"{'infoString1': '3580522', 'infoString2': 'Douglas Elliman', 'infoString3': None}"
5,09/09/2020,244765355,1.55062E+12,12285000,1813,-0.10230179,Price change,Douglas Elliman,,,FALSE,FALSE,"{'infoString1': '3580522', 'infoString2': 'Douglas Elliman', 'infoString3': None}"
6,04/11/2020,244765355,1.54397E+12,13685000,2020,-0.139037433,Listed for sale,Douglas Elliman,,,FALSE,FALSE,"{'infoString1': '3580522', 'infoString2': 'Douglas Elliman', 'infoString3': None}"
7,30/11/2020,244765355,1.54397E+12,40000,6,0,Listing removed,Douglas Elliman,,,FALSE,TRUE,"{'infoString1': None, 'infoString2': 'Douglas Elliman', 'infoString3': None}"
8,14/02/2021,244765355,1.52271E+12,40000,6,-0.058823529,Price change,Douglas Elliman,,,FALSE,TRUE,"{'infoString1': None, 'infoString2': 'Douglas Elliman', 'infoString3': None}"
9,25/04/2021,244765355,1.51796E+12,42500,6,0.0625,Listed for rent,Douglas Elliman,,,FALSE,TRUE,"{'infoString1': None, 'infoString2': 'Douglas Elliman', 'infoString3': None}"
10,01/06/2021,244765355,1.50837E+12,40000,6,0,Listing removed,Douglas Elliman,,,FALSE,TRUE,"{'infoString1': None, 'infoString2': 'Douglas Elliman', 'infoString3': None}"
11,22/06/2021,244765355,1.49386E+12,40000,6,0,Listed for rent,Douglas Elliman,,,FALSE,TRUE,"{'infoString1': None, 'infoString2': 'Douglas Elliman', 'infoString3': None}"
12,03/09/2021,244765355,1.4764E+12,15895000,2346,0,Listing removed,Douglas Elliman,,,FALSE,FALSE,"{'infoString1': '2088636', 'infoString2': 'Douglas Elliman', 'infoString3': None}"
13,13/09/2021,244765355,1.4745E+12,15895000,2346,-0.005630278,Listed for sale,Douglas Elliman,,,FALSE,FALSE,"{'infoString1': '2088636', 'infoString2': 'Douglas Elliman', 'infoString3': None}"
14,03/10/2023,244765355,1.46068E+12,15985000,2359,0,Listing removed,Douglas Elliman,,,FALSE,FALSE,"{'infoString1': '2088636', 'infoString2': 'Douglas Elliman', 'infoString3': None}"
15,03/10/2023,244766629,1.44504E+12,15985000,2359,-0.073333333,Price change,Douglas Elliman,,,FALSE,FALSE,"{'infoString1': '2088636', 'infoString2': 'Douglas Elliman', 'infoString3': None}"
16,03/01/2019,244783518,1.42932E+12,17250000,2546,0.112903226,Listed for sale,Douglas Elliman,,,FALSE,FALSE,"{'infoString1': '2088636', 'infoString2': 'Douglas Elliman', 'infoString3': None}"
17,05/01/2019,244783518,1.27794E+12,15500000,2287,1.628232302,Sold,Agent Provided,"{'photo': {'url': 'https://photos.zillowstatic.com/h_e/ISpxy20cru8jmr1000000000.jpg'}, 'profileUrl': '/profile/asalem1/', 'name': 'Alex Salem'}",,FALSE,FALSE,"{'infoString1': None, 'infoString2': None, 'infoString3': None}"
18,07/01/2019,244783518,8.01446E+11,5897500,870,0,Sold,Public Record,,,FALSE,FALSE,"{'infoString1': None, 'infoString2': 'Public Record', 'infoString3': None}"
0,17/01/2020,244783518,1.69595E+12,795000,994,-0.059171598,Listed for sale,StreetEasy,,,FALSE,FALSE,"{'infoString1': '', 'infoString2': 'StreetEasy', 'infoString3': None}"
1,02/02/2020,244783518,1.67089E+12,,,0,Listing removed,Zillow Rentals,,,FALSE,TRUE,"{'infoString1': None, 'infoString2': 'Zillow Rentals', 'infoString3': None}"
2,12/02/2020,244783518,1.67054E+12,4200,5,0,Listed for rent,Zillow Rentals,,,FALSE,TRUE,"{'infoString1': None, 'infoString2': 'Zillow Rentals', 'infoString3': None}"
3,08/03/2020,244783518,1.57991E+12,4200,5,0,Listing removed,Owner,,,FALSE,TRUE,"{'infoString1': None, 'infoString2': 'Owner', 'infoString3': None}"
4,21/09/2020,244783518,1.57861E+12,4200,5,0.105263158,Listed for rent,Owner,,,FALSE,TRUE,"{'infoString1': None, 'infoString2': 'Owner', 'infoString3': None}"
5,30/09/2020,244783518,1.56842E+12,3800,5,0,Listing removed,Owner,,,FALSE,TRUE,"{'infoString1': None, 'infoString2': 'Owner', 'infoString3': None}"
6,24/02/2021,244783518,1.56816E+12,3800,5,0.027027027,Listed for rent,Owner,,,FALSE,TRUE,"{'infoString1': None, 'infoString2': 'Owner', 'infoString3': None}"
7,08/03/2021,244783518,1.54863E+12,845000,1056,0,Listing removed,Compass,,,FALSE,FALSE,"{'infoString1': None, 'infoString2': 'Compass', 'infoString3': None}"
8,25/03/2021,244783518,1.53982E+12,845000,1056,-0.055865922,Listed for sale,Compass,,,FALSE,FALSE,"{'infoString1': None, 'infoString2': 'Compass', 'infoString3': None}"
9,22/04/2021,244783518,1.53611E+12,895000,1119,0,Listing removed,Modern Spaces,,,FALSE,FALSE,"{'infoString1': '160079', 'infoString2': 'Modern Spaces', 'infoString3': None}"
10,01/05/2021,244783518,1.53265E+12,895000,1119,-0.052910053,Price change,Modern Spaces,,,FALSE,FALSE,"{'infoString1': '160079', 'infoString2': 'Modern Spaces', 'infoString3': None}"
11,28/09/2023,244783518,1.52842E+12,945000,1181,0.118343195,Listed for sale,Modern Spaces,,,FALSE,FALSE,"{'infoString1': '160079', 'infoString2': 'Modern Spaces', 'infoString3': None}"
12,24/04/2019,244793512,1.50647E+12,3700,5,0,Listing removed,Owner,,,FALSE,TRUE,"{'infoString1': None, 'infoString2': 'Owner', 'infoString3': None}"
13,18/11/2021,244793512,1.50569E+12,3700,5,-0.063291139,Price change,Owner,,,FALSE,TRUE,"{'infoString1': None, 'infoString2': 'Owner', 'infoString3': None}"
14,10/12/2021,244793512,1.50517E+12,3950,5,-0.05952381,Listed for rent,Owner,,,FALSE,TRUE,"{'infoString1': None, 'infoString2': 'Owner', 'infoString3': None}"
15,31/03/2022,244793512,1.49394E+12,4200,5,0,Listing removed,Cooper Square,,,FALSE,TRUE,"{'infoString1': None, 'infoString2': 'Cooper Square', 'infoString3': None}"
16,14/05/2022,244793512,1.49135E+12,4200,5,0,Listed for rent,Cooper Square,,,FALSE,TRUE,"{'infoString1': None, 'infoString2': 'Cooper Square', 'infoString3': None}"
17,15/06/2022,244793512,1.4567E+12,845000,1056,-0.04519774,Sold,Public Record,,,FALSE,FALSE,"{'infoString1': None, 'infoString2': 'Public Record', 'infoString3': None}"
18,16/09/2022,244793512,1.45022E+12,885000,1106,0,Pending sale,Corcoran,,,FALSE,FALSE,"{'infoString1': '3500148', 'infoString2': 'Corcoran', 'infoString3': None}"
19,28/09/2022,244793512,1.44478E+12,885000,1106,0.380655226,Listed for sale,Corcoran,,,FALSE,FALSE,"{'infoString1': '3500148', 'infoString2': 'Corcoran', 'infoString3': None}"
20,10/10/2022,244793512,1.1594E+12,641000,801,0,Sold,Public Record,,,FALSE,FALSE,"{'infoString1': None, 'infoString2': 'Public Record', 'infoString3': None}"
0,02/10/2023,244793512,1.69595E+12,2250000,1023,0,Listed for sale,StreetEasy,,,FALSE,FALSE,"{'infoString1': '1410310154127549609', 'infoString2': 'StreetEasy', 'infoString3': None}"
0,26/08/2021,244801842,1.69595E+12,1750000,,0,Listed for sale,StreetEasy,,,FALSE,FALSE,"{'infoString1': '', 'infoString2': 'StreetEasy', 'infoString3': None}"
0,07/10/2021,244801842,1.69595E+12,899000,1153,1.720121029,Listed for sale,StreetEasy,,,FALSE,FALSE,"{'infoString1': '', 'infoString2': 'StreetEasy', 'infoString3': None}"
1,25/10/2021,244801842,9.31997E+11,330500,424,0,Sold,Agent Provided,,,FALSE,FALSE,"{'infoString1': None, 'infoString2': None, 'infoString3': None}"
0,11/01/2022,244801842,1.69595E+12,3750000,,0,Listed for sale,StreetEasy,,,FALSE,FALSE,"{'infoString1': '', 'infoString2': 'StreetEasy', 'infoString3': None}"
0,21/04/2022,244801842,1.69595E+12,795000,,0,Listed for sale,StreetEasy,,,FALSE,FALSE,"{'infoString1': '', 'infoString2': 'StreetEasy', 'infoString3': None}"
0,02/10/2023,244801842,1.69595E+12,995000,847,-0.004004004,Listed for sale,StreetEasy,,,FALSE,FALSE,"{'infoString1': '', 'infoString2': 'StreetEasy', 'infoString3': None}"
1,29/09/2023,244838287,1.52781E+12,999000,850,0,Sold,Agent Provided,,"{'photo': {'url': 'https://photos.zillowstatic.com/h_e/IS3fsm8r7y52d40000000000.jpg'}, 'profileUrl': '/profile/Sofiasnewyorkcity/', 'name': 'Sofia Corradini'}",FALSE,FALSE,"{'infoString1': None, 'infoString2': None, 'infoString3': None}"
2,09/02/2018,244850499,1.52038E+12,999000,850,0.004020101,Listed for sale,Keller Williams NYC,,,FALSE,FALSE,"{'infoString1': '205490', 'infoString2': 'Keller Williams NYC', 'infoString3': None}"
3,22/03/2018,244850499,1.46483E+12,995000,847,0,Listing removed,Corcoran,,,FALSE,FALSE,"{'infoString1': '3687128', 'infoString2': 'Corcoran', 'infoString3': None}"
4,02/10/2023,244850499,1.46042E+12,995000,847,0,Listed for sale,Discount Realty Consultants,,,FALSE,FALSE,"{'infoString1': '2843692', 'infoString2': 'Discount Realty Consultants', 'infoString3': None}"
0,19/02/2023,244887775,1.69595E+12,1750000,,0,Listed for sale,StreetEasy,,,FALSE,FALSE,"{'infoString1': '', 'infoString2': 'StreetEasy', 'infoString3': None}"
0,16/03/2023,244887775,1.69595E+12,6495000,,-0.058013053,Listed for sale,StreetEasy,,,FALSE,FALSE,"{'infoString1': '', 'infoString2': 'StreetEasy', 'infoString3': None}"
1,24/04/2023,244887775,1.68808E+12,,,0,Listing removed,StreetEasy,,,FALSE,FALSE,"{'infoString1': None, 'infoString2': 'StreetEasy', 'infoString3': None}"
2,29/06/2023,244887775,1.67875E+12,6895000,,-0.028873239,Price change,StreetEasy,,,FALSE,FALSE,"{'infoString1': '', 'infoString2': 'StreetEasy', 'infoString3': None}"
3,28/09/2023,244887775,1.6734E+12,7100000,,0,Listed for sale,StreetEasy,,,FALSE,FALSE,"{'infoString1': '', 'infoString2': 'StreetEasy', 'infoString3': None}"
4,29/09/2023,244891137,1.67115E+12,,,0,Listing removed,StreetEasy,,,FALSE,FALSE,"{'infoString1': None, 'infoString2': 'StreetEasy', 'infoString3': None}"
5,29/05/2020,324832330,1.66476E+12,7100000,,-0.040540541,Price change,StreetEasy,,,FALSE,FALSE,"{'infoString1': '', 'infoString2': 'StreetEasy', 'infoString3': None}"
6,29/09/2023,324832330,1.64825E+12,7400000,,0.203252033,Listed for sale,StreetEasy,,,FALSE,FALSE,"{'infoString1': '', 'infoString2': 'StreetEasy', 'infoString3': None}"
7,03/10/2023,2055186891,1.1594E+12,6150000,,0,Sold,Public Record,,,FALSE,FALSE,"{'infoString1': None, 'infoString2': 'Public Record', 'infoString3': None}"
0,03/10/2023,2055186892,1.69595E+12,8750000,,-0.005681818,Listed for sale,StreetEasy,,,FALSE,FALSE,"{'infoString1': '22667027', 'infoString2': 'StreetEasy', 'infoString3': None}"
1,03/10/2023,2055189577,1.3119E+12,8800000,,0,Sold,Public Record,,,FALSE,FALSE,"{'infoString1': None, 'infoString2': 'Public Record', 'infoString3': None}"
0,03/10/2023,2055191555,1.69595E+12,1395000,,0,Listed for sale,StreetEasy,,,FALSE,FALSE,"{'infoString1': '22695232', 'infoString2': 'StreetEasy', 'infoString3': None}"
0,03/10/2023,2055192359,1.69603E+12,7500000,1786,0,Listed for sale,StreetEasy,,,FALSE,FALSE,"{'infoString1': '', 'infoString2': 'StreetEasy', 'infoString3': None}"
0,03/10/2023,2055198358,1.69595E+12,4550000,1978,0.467741935,Listed for sale,StreetEasy,,,FALSE,FALSE,"{'infoString1': '', 'infoString2': 'StreetEasy', 'infoString3': None}"
1,02/10/2023,2055202672,1.36426E+12,3100000,1348,0,Sold,Public Record,,,FALSE,FALSE,"{'infoString1': None, 'infoString2': 'Public Record', 'infoString3': None}"
0,29/09/2023,2055224702,1.69595E+12,839000,,0,Listed for sale,StreetEasy,,,FALSE,FALSE,"{'infoString1': '', 'infoString2': 'StreetEasy', 'infoString3': None}"
0,29/09/2023,2055226639,1.69595E+12,1100000,,5.682623963,Listed for sale,StreetEasy,,,FALSE,FALSE,"{'infoString1': '', 'infoString2': 'StreetEasy', 'infoString3': None}"
1,29/09/2023,2055232195,1.1594E+12,164606,,0,Sold,Public Record,,,FALSE,FALSE,"{'infoString1': None, 'infoString2': 'Public Record', 'infoString3': None}"
0,29/09/2023,2055232343,1.69595E+12,40000000,6349,0,Listed for sale,StreetEasy,,,FALSE,FALSE,"{'infoString1': '22702452', 'infoString2': 'StreetEasy', 'infoString3': None}"
0,30/09/2023,2055233949,1.69629E+12,14500000,3772,-0.033333333,Listed for sale,StreetEasy,,,FALSE,FALSE,"{'infoString1': None, 'infoString2': 'StreetEasy', 'infoString3': None}"
1,29/09/2023,2055237800,1.68808E+12,,,0,Listing removed,StreetEasy,,,FALSE,FALSE,"{'infoString1': None, 'infoString2': 'StreetEasy', 'infoString3': None}"
2,29/09/2023,2055239728,1.67659E+12,15000000,3902,-0.090909091,Price change,StreetEasy,,,FALSE,FALSE,"{'infoString1': None, 'infoString2': 'StreetEasy', 'infoString3': None}"
3,28/09/2023,2055242817,1.66856E+12,16500000,4292,0,Listed for sale,StreetEasy,,,FALSE,FALSE,"{'infoString1': '', 'infoString2': 'StreetEasy', 'infoString3': None}"
4,28/09/2023,2055248712,1.58155E+12,30000,8,0,Listing removed,Corcoran,,,FALSE,TRUE,"{'infoString1': None, 'infoString2': 'Corcoran', 'infoString3': None}"
5,10/08/2023,2056060898,1.57982E+12,30000,8,0,Listed for rent,Corcoran,,,FALSE,TRUE,"{'infoString1': None, 'infoString2': 'Corcoran', 'infoString3': None}"
0,22/08/2023,2056060898,1.69586E+12,925000,,0,Listed for sale,StreetEasy,,,FALSE,FALSE,"{'infoString1': '', 'infoString2': 'StreetEasy', 'infoString3': None}"
0,07/09/2023,2056060898,1.69586E+12,1895000,1148,13.41064639,Listed for sale,StreetEasy,,,FALSE,FALSE,"{'infoString1': '', 'infoString2': 'StreetEasy', 'infoString3': None}"
1,04/10/2023,2056060898,7.29994E+11,131500,80,0,Sold,Agent Provided,,,FALSE,FALSE,"{'infoString1': None, 'infoString2': None, 'infoString3': None}"
0,04/01/2023,2060251316,1.69586E+12,23500000,2244,-0.160714286,Listed for sale,StreetEasy,,,FALSE,FALSE,"{'infoString1': '', 'infoString2': 'StreetEasy', 'infoString3': None}"
1,04/02/2023,2060251316,1.54164E+12,28000000,2674,0,Listing removed,Brown Harris Stevens,,,FALSE,FALSE,"{'infoString1': '18171685', 'infoString2': 'Brown Harris Stevens', 'infoString3': None}"
2,29/03/2023,2060251316,1.52591E+12,28000000,2674,-0.066666667,Price change,Brown Harris Stevens,,,FALSE,FALSE,"{'infoString1': None, 'infoString2': 'Brown Harris Stevens', 'infoString3': None}"
3,30/09/2023,2060251316,1.52064E+12,30000000,2865,0,Listed for sale,Brown Harris Stevens,,,FALSE,FALSE,"{'infoString1': '18171685', 'infoString2': 'Brown Harris Stevens', 'infoString3': None}"
4,30/09/2022,2061289292,1.51744E+12,30000000,2865,0,Listing removed,Corcoran,,,FALSE,FALSE,"{'infoString1': '3884940', 'infoString2': 'Corcoran', 'infoString3': None}"
5,30/12/2022,2061289292,1.51502E+12,30000000,2865,-0.076923077,Price change,Corcoran,,,FALSE,FALSE,"{'infoString1': '3884940', 'infoString2': 'Corcoran', 'infoString3': None}"
6,09/01/2023,2061289292,1.49507E+12,32500000,3103,-0.071428571,Price change,Corcoran,,,FALSE,FALSE,"{'infoString1': '3884940', 'infoString2': 'Corcoran', 'infoString3': None}"
7,20/03/2023,2061289292,1.48608E+12,35000000,3342,-0.090909091,Listed for sale,Corcoran,,,FALSE,FALSE,"{'infoString1': '3884940', 'infoString2': 'Corcoran', 'infoString3': None}"
8,10/04/2023,2061289292,1.43381E+12,38500000,3676,0,Listing removed,Corcoran,,,FALSE,FALSE,"{'infoString1': '3435212', 'infoString2': 'Corcoran', 'infoString3': None}"
9,02/08/2023,2061289292,1.43277E+12,38500000,3676,1.75,Listed for sale,Corcoran,,,FALSE,FALSE,"{'infoString1': '3435212', 'infoString2': 'Corcoran', 'infoString3': None}"
10,01/09/2023,2061289292,1.35035E+12,14000000,1337,13,Sold,Public Record,,,FALSE,FALSE,"{'infoString1': None, 'infoString2': 'Public Record', 'infoString3': None}"
11,02/10/2023,2061289292,1.34369E+12,1000000,95,-0.970149254,Listed for sale,NestSeekers International,,,FALSE,FALSE,"{'infoString1': None, 'infoString2': 'NestSeekers International', 'infoString3': None}"
12,28/09/2022,2061338920,1.33669E+12,33500000,3199,0,Listing removed,The Corcoran Group,,,FALSE,FALSE,"{'infoString1': '2319621', 'infoString2': 'The Corcoran Group', 'infoString3': None}"
13,08/02/2023,2061338920,1.33505E+12,33500000,3199,4.583333333,Listed for sale,The Corcoran Group,,,FALSE,FALSE,"{'infoString1': '2319621', 'infoString2': 'The Corcoran Group', 'infoString3': None}"
14,04/05/2023,2061338920,9.5135E+11,6000000,573,-0.581881533,Sold,Public Record,,,FALSE,FALSE,"{'infoString1': None, 'infoString2': 'Public Record', 'infoString3': None}"
15,15/06/2023,2061338920,8.68493E+11,14350000,1370,0,Sold,Public Record,,,FALSE,FALSE,"{'infoString1': None, 'infoString2': 'Public Record', 'infoString3': None}"
0,03/10/2023,2061338920,1.69586E+12,2795000,,0.693939394,Listed for sale,StreetEasy,,,FALSE,FALSE,"{'infoString1': '1410321240024870825', 'infoString2': 'StreetEasy', 'infoString3': None}"
1,17/07/2022,2062357663,1.33246E+12,1650000,,0,Listing removed,The Corcoran Group,,,FALSE,FALSE,"{'infoString1': '2268515', 'infoString2': 'The Corcoran Group', 'infoString3': None}"
2,21/07/2022,2062357663,1.32823E+12,1650000,,-0.057142857,Price change,The Corcoran Group,,,FALSE,FALSE,"{'infoString1': '2268515', 'infoString2': 'The Corcoran Group', 'infoString3': None}"
3,02/10/2023,2062357663,1.32278E+12,1750000,,0.032448378,Listed for sale,The Corcoran Group,,,FALSE,FALSE,"{'infoString1': '2268515', 'infoString2': 'The Corcoran Group', 'infoString3': None}"
4,24/05/2022,2063171146,1.29228E+12,1695000,,0,Listing removed,The Corcoran Group,,,FALSE,FALSE,"{'infoString1': '1972751', 'infoString2': 'The Corcoran Group', 'infoString3': None}"
5,17/12/2022,2063171146,1.29151E+12,1695000,,0,Listed for sale,The Corcoran Group,,,FALSE,FALSE,"{'infoString1': '1972751', 'infoString2': 'The Corcoran Group', 'infoString3': None}"
6,03/10/2023,2063171146,1.28684E+12,1695000,,0,Listing removed,The Corcoran Group,,,FALSE,FALSE,"{'infoString1': '1972751', 'infoString2': 'The Corcoran Group', 'infoString3': None}"
7,07/02/2022,2066519547,1.28408E+12,1695000,,0.788757737,Listed for sale,The Corcoran Group,,,FALSE,FALSE,"{'infoString1': '1972751', 'infoString2': 'The Corcoran Group', 'infoString3': None}"
8,03/05/2022,2066519547,1.18843E+12,947585,,0,Sold,Public Record,,,FALSE,FALSE,"{'infoString1': None, 'infoString2': 'Public Record', 'infoString3': None}"
0,19/07/2022,2066519547,1.69586E+12,399000,,1.403614458,Listed for sale,StreetEasy,,,FALSE,FALSE,"{'infoString1': '10391200985', 'infoString2': 'StreetEasy', 'infoString3': None}"
1,05/12/2022,2066519547,1.1594E+12,166000,,0,Sold,Public Record,,,FALSE,FALSE,"{'infoString1': None, 'infoString2': 'Public Record', 'infoString3': None}"
0,11/04/2023,2066519547,1.69586E+12,1950000,,0,Listed for sale,StreetEasy,,,FALSE,FALSE,"{'infoString1': '', 'infoString2': 'StreetEasy', 'infoString3': None}"
0,20/06/2023,2066519547,1.69586E+12,2150000,1433,0.653846154,Listed for sale,StreetEasy,,,FALSE,FALSE,"{'infoString1': '1410272280123791465', 'infoString2': 'StreetEasy', 'infoString3': None}"
1,07/08/2023,2066519547,1.69327E+12,,,0,Listing removed,Zillow Rentals,,,FALSE,TRUE,"{'infoString1': None, 'infoString2': 'Zillow Rentals', 'infoString3': None}"
2,03/10/2023,2066519547,1.69232E+12,9300,6,-0.010638298,Price change,Zillow Rentals,,,FALSE,TRUE,"{'infoString1': None, 'infoString2': 'Zillow Rentals', 'infoString3': None}"
3,02/03/2021,2073108029,1.69093E+12,9400,6,-0.010526316,Price change,Zillow Rentals,,,FALSE,TRUE,"{'infoString1': None, 'infoString2': 'Zillow Rentals', 'infoString3': None}"
4,25/05/2021,2073108029,1.69024E+12,9500,6,0.061452514,Listed for rent,Zillow Rentals,,,FALSE,TRUE,"{'infoString1': None, 'infoString2': 'Zillow Rentals', 'infoString3': None}"
5,24/10/2021,2073108029,1.66303E+12,,,0,Listing removed,Zillow Rental Network_1,,,FALSE,TRUE,"{'infoString1': None, 'infoString2': 'Zillow Rental Network_1', 'infoString3': None}"
6,17/11/2021,2073108029,1.66147E+12,8950,6,-0.027173913,Price change,Zillow Rental Network_1,,,FALSE,TRUE,"{'infoString1': '', 'infoString2': 'Zillow Rental Network_1', 'infoString3': None}"
7,03/02/2022,2073108029,1.66018E+12,9200,6,-0.075376884,Price change,Zillow Rental Network_1,,,FALSE,TRUE,"{'infoString1': '', 'infoString2': 'Zillow Rental Network_1', 'infoString3': None}"
8,14/10/2022,2073108029,1.65845E+12,9950,7,-0.052380952,Price change,Zillow Rental Network_1,,,FALSE,TRUE,"{'infoString1': '', 'infoString2': 'Zillow Rental Network_1', 'infoString3': None}"
9,26/10/2022,2073108029,1.65793E+12,10500,7,-0.045454545,Price change,Zillow Rental Network_1,,,FALSE,TRUE,"{'infoString1': '', 'infoString2': 'Zillow Rental Network_1', 'infoString3': None}"
10,30/01/2023,2073108029,1.65586E+12,11000,7,0.466666667,Listed for rent,Zillow Rental Network_1,,,FALSE,TRUE,"{'infoString1': '', 'infoString2': 'Zillow Rental Network_1', 'infoString3': None}"
11,31/03/2023,2073108029,1.61862E+12,,,0,Listing removed,Douglas Elliman,,,FALSE,TRUE,"{'infoString1': None, 'infoString2': 'Douglas Elliman', 'infoString3': 'https://photos.zillowstatic.com/fp/516348e93397d0c5ef994a809e58da18-zillow_web_logo_inf_11.jpg'}"
12,19/06/2023,2073108029,1.61663E+12,7500,5,-0.050632911,Price change,Douglas Elliman,,,FALSE,TRUE,"{'infoString1': '', 'infoString2': 'Douglas Elliman', 'infoString3': 'https://photos.zillowstatic.com/fp/516348e93397d0c5ef994a809e58da18-zillow_web_logo_inf_11.jpg'}"
13,03/10/2023,2073108029,1.61585E+12,7900,5,0,Listed for rent,Douglas Elliman,,,FALSE,TRUE,"{'infoString1': '', 'infoString2': 'Douglas Elliman', 'infoString3': 'https://photos.zillowstatic.com/fp/516348e93397d0c5ef994a809e58da18-zillow_web_logo_inf_11.jpg'}"
14,18/01/2021,2075689237,1.27293E+12,1300000,867,4.383022774,Sold,Public Record,,,FALSE,FALSE,"{'infoString1': None, 'infoString2': 'Public Record', 'infoString3': None}"
15,13/04/2021,2075689237,9.04262E+11,241500,161,0,Sold,Public Record,,,FALSE,FALSE,"{'infoString1': None, 'infoString2': 'Public Record', 'infoString3': None}"
0,12/07/2021,2075689237,1.69586E+12,475000,1583,0.117647059,Listed for sale,StreetEasy,,,FALSE,FALSE,"{'infoString1': '1410273940993276657', 'infoString2': 'StreetEasy', 'infoString3': None}"
1,01/10/2023,2075689237,1.60445E+12,425000,1417,0,Listing removed,Compass,,,FALSE,FALSE,"{'infoString1': None, 'infoString2': 'Compass', 'infoString3': None}"
2,03/08/2020,2078414560,1.60125E+12,425000,1417,-0.053452116,Price change,Compass,,,FALSE,FALSE,"{'infoString1': None, 'infoString2': 'Compass', 'infoString3': None}"
3,25/09/2020,2078414560,1.57836E+12,449000,1497,-0.183636364,Listed for sale,Compass,,,FALSE,FALSE,"{'infoString1': None, 'infoString2': 'Compass', 'infoString3': None}"
4,25/09/2020,2078414560,1.53792E+12,550000,1833,0,Listing removed,Halstead Real Estate,,,FALSE,FALSE,"{'infoString1': '18518473', 'infoString2': 'Halstead Real Estate', 'infoString3': None}"
5,02/11/2020,2078414560,1.52885E+12,550000,1833,0,Listed for sale,Halstead Property,,,FALSE,FALSE,"{'infoString1': '18518473', 'infoString2': 'Halstead Property', 'infoString3': None}"
6,28/09/2023,2078414560,1.4853E+12,550000,1833,0,Listing removed,Halstead Property,,,FALSE,FALSE,"{'infoString1': '15026881', 'infoString2': 'Halstead Property', 'infoString3': None}"
7,15/05/2020,2079594519,1.46655E+12,550000,1833,0.86440678,Listed for sale,Halstead Property,,,FALSE,FALSE,"{'infoString1': '15026881', 'infoString2': 'Halstead Property', 'infoString3': None}"
8,21/05/2020,2079594519,1.1594E+12,295000,983,0,Sold,Public Record,,,FALSE,FALSE,"{'infoString1': None, 'infoString2': 'Public Record', 'infoString3': None}"
0,29/06/2020,2079594519,1.69586E+12,13950000,3402,1.846938776,Listed for sale,StreetEasy,,,FALSE,FALSE,"{'infoString1': '1410266402084603833', 'infoString2': 'StreetEasy', 'infoString3': None}"
1,28/07/2020,2079594519,9.45907E+11,4900000,1195,0,Sold,Public Record,,,FALSE,FALSE,"{'infoString1': None, 'infoString2': 'Public Record', 'infoString3': None}"
0,16/12/2020,2079594519,1.69586E+12,3895000,1347,-0.201025641,Listed for sale,StreetEasy,,,FALSE,FALSE,"{'infoString1': '22701418', 'infoString2': 'StreetEasy', 'infoString3': None}"
1,25/12/2020,2079594519,1.60428E+12,14500,5,0,Listing removed,Douglas Elliman,,,FALSE,TRUE,"{'infoString1': '4459538', 'infoString2': 'Douglas Elliman', 'infoString3': None}"
2,28/03/2023,2079594519,1.60099E+12,14500,5,0,Listed for rent,Douglas Elliman,,,FALSE,TRUE,"{'infoString1': None, 'infoString2': 'Douglas Elliman', 'infoString3': None}"
3,18/04/2023,2079594519,1.60099E+12,4875000,1686,0,Listing removed,Douglas Elliman,,,FALSE,FALSE,"{'infoString1': None, 'infoString2': 'Douglas Elliman', 'infoString3': None}"
4,25/08/2023,2079594519,1.59641E+12,4875000,1686,0,Listed for sale,Douglas Elliman,,,FALSE,FALSE,"{'infoString1': None, 'infoString2': 'Douglas Elliman', 'infoString3': None}"
0,29/09/2023,2079594519,1.69586E+12,650000,973,0,Listed for sale,StreetEasy,,,FALSE,FALSE,"{'infoString1': '', 'infoString2': 'StreetEasy', 'infoString3': None}"
1,17/03/2020,2080484098,1.688E+12,,,0,Listing removed,StreetEasy,,,FALSE,FALSE,"{'infoString1': None, 'infoString2': 'StreetEasy', 'infoString3': None}"
2,26/04/2021,2080484098,1.68229E+12,650000,973,-0.064748201,Price change,StreetEasy,,,FALSE,FALSE,"{'infoString1': '', 'infoString2': 'StreetEasy', 'infoString3': None}"
3,10/03/2022,2080484098,1.67892E+12,695000,1040,-0.04137931,Price change,StreetEasy,,,FALSE,FALSE,"{'infoString1': '', 'infoString2': 'StreetEasy', 'infoString3': None}"
4,02/05/2022,2080484098,1.67676E+12,725000,1085,0,Listed for sale,StreetEasy,,,FALSE,FALSE,"{'infoString1': None, 'infoString2': 'StreetEasy', 'infoString3': None}"
0,27/06/2022,2080484098,1.69586E+12,7850000,1506,0.068027211,Listed for sale,StreetEasy,,,FALSE,FALSE,"{'infoString1': '0000', 'infoString2': 'StreetEasy', 'infoString3': None}"
1,26/08/2022,2080484098,1.68895E+12,,,0,Listing removed,StreetEasy,,,FALSE,FALSE,"{'infoString1': None, 'infoString2': 'StreetEasy', 'infoString3': None}"
2,15/03/2023,2080484098,1.68506E+12,7350000,1410,-0.063694268,Price change,StreetEasy,,,FALSE,FALSE,"{'infoString1': '', 'infoString2': 'StreetEasy', 'infoString3': None}"
3,02/05/2023,2080484098,1.68057E+12,7850000,1506,-0.018136335,Price change,StreetEasy,,,FALSE,FALSE,"{'infoString1': '', 'infoString2': 'StreetEasy', 'infoString3': None}"
4,04/07/2023,2080484098,1.67288E+12,7995000,1534,-0.059411765,Price change,StreetEasy,,,FALSE,FALSE,"{'infoString1': '', 'infoString2': 'StreetEasy', 'infoString3': None}"
5,02/10/2023,2080484098,1.67098E+12,8500000,1631,-0.04494382,Price change,StreetEasy,,,FALSE,FALSE,"{'infoString1': '', 'infoString2': 'StreetEasy', 'infoString3': None}"
6,14/07/2019,2083565774,1.66778E+12,8900000,1707,-0.063157895,Price change,StreetEasy,,,FALSE,FALSE,"{'infoString1': '', 'infoString2': 'StreetEasy', 'infoString3': None}"
7,16/07/2019,2083565774,1.66717E+12,9500000,1822,-0.095238095,Price change,StreetEasy,,,FALSE,FALSE,"{'infoString1': '', 'infoString2': 'StreetEasy', 'infoString3': None}"
8,04/08/2022,2083565774,1.66545E+12,10500000,2014,0.060606061,Listed for sale,StreetEasy,,,FALSE,FALSE,"{'infoString1': '', 'infoString2': 'StreetEasy', 'infoString3': None}"
9,07/09/2022,2083565774,1.65897E+12,,,0,Listing removed,StreetEasy,,,FALSE,FALSE,"{'infoString1': None, 'infoString2': 'StreetEasy', 'infoString3': None}"
10,23/10/2022,2083565774,1.6575E+12,9900000,1899,-0.057142857,Listed for sale,StreetEasy,,,FALSE,FALSE,"{'infoString1': '', 'infoString2': 'StreetEasy', 'infoString3': None}"
11,30/05/2023,2083565774,1.65663E+12,,,0,Listing removed,StreetEasy,,,FALSE,FALSE,"{'infoString1': None, 'infoString2': 'StreetEasy', 'infoString3': None}"
12,22/06/2023,2083565774,1.65205E+12,10500000,2014,-0.086559374,Listed for sale,StreetEasy,,,FALSE,FALSE,"{'infoString1': '', 'infoString2': 'StreetEasy', 'infoString3': None}"
13,12/07/2023,2083565774,1.64938E+12,,,0,Listing removed,StreetEasy,,,FALSE,FALSE,"{'infoString1': None, 'infoString2': 'StreetEasy', 'infoString3': None}"
14,03/08/2023,2083565774,1.63426E+12,11495000,2205,-0.042083333,Price change,StreetEasy,,,FALSE,FALSE,"{'infoString1': '', 'infoString2': 'StreetEasy', 'infoString3': None}"
15,28/09/2023,2083565774,1.6206E+12,12000000,2302,1199999,Listed for sale,StreetEasy,,,FALSE,FALSE,"{'infoString1': '', 'infoString2': 'StreetEasy', 'infoString3': None}"
16,29/09/2023,2083565774,1.37644E+12,10,0,-0.999999375,Sold,Public Record,,,FALSE,FALSE,"{'infoString1': None, 'infoString2': 'Public Record', 'infoString3': None}"
17,12/04/2016,2099010322,1.32719E+12,16000000,3069,0,Listing removed,The Corcoran Group,,,FALSE,FALSE,"{'infoString1': '2226524', 'infoString2': 'The Corcoran Group', 'infoString3': None}"
18,02/06/2016,2099010322,1.31268E+12,16000000,3069,5.956521739,Listed for sale,The Corcoran Group,,,FALSE,FALSE,"{'infoString1': '2226524', 'infoString2': 'The Corcoran Group', 'infoString3': None}"
19,07/03/2018,2099010322,1.1594E+12,2300000,441,0,Sold,Public Record,,,FALSE,FALSE,"{'infoString1': None, 'infoString2': 'Public Record', 'infoString3': None}"
20,01/06/2018,2099010322,1.14558E+12,2300000,441,0,Sold,Public Record,,,FALSE,FALSE,"{'infoString1': None, 'infoString2': 'Public Record', 'infoString3': None}"
0,29/09/2023,2099010322,1.69586E+12,299000,,0,Listed for sale,StreetEasy,,,FALSE,FALSE,"{'infoString1': '', 'infoString2': 'StreetEasy', 'infoString3': None}"
0,27/10/2015,2100746801,1.69595E+12,6500000,,0,Listed for sale,StreetEasy,,,FALSE,FALSE,"{'infoString1': '', 'infoString2': 'StreetEasy', 'infoString3': None}"
1,18/02/2016,2100746801,1.68782E+12,,,0,Listing removed,StreetEasy,,,FALSE,FALSE,"{'infoString1': None, 'infoString2': 'StreetEasy', 'infoString3': None}"
2,15/09/2016,2100746801,1.68359E+12,6500000,,-0.103448276,Price change,StreetEasy,,,FALSE,FALSE,"{'infoString1': '', 'infoString2': 'StreetEasy', 'infoString3': None}"
3,09/03/2017,2100746801,1.68134E+12,7250000,,-0.061488673,Price change,StreetEasy,,,FALSE,FALSE,"{'infoString1': '', 'infoString2': 'StreetEasy', 'infoString3': None}"
4,20/06/2017,2100746801,1.67754E+12,7725000,,0.980769231,Listed for sale,StreetEasy,,,FALSE,FALSE,"{'infoString1': '', 'infoString2': 'StreetEasy', 'infoString3': None}"
5,19/12/2018,2100746801,1.1594E+12,3900000,,0,Sold,Public Record,,,FALSE,FALSE,"{'infoString1': None, 'infoString2': 'Public Record', 'infoString3': None}"
0,21/04/2023,2100746801,1.69586E+12,6900000,9857,0,Listed for sale,StreetEasy,,,FALSE,FALSE,"{'infoString1': '', 'infoString2': 'StreetEasy', 'infoString3': None}"
1,29/06/2023,2100746801,1.68921E+12,,,0,Listing removed,StreetEasy,,,FALSE,FALSE,"{'infoString1': None, 'infoString2': 'StreetEasy', 'infoString3': None}"
2,25/08/2023,2100746801,1.68601E+12,6900000,9857,16.69230769,Listed for sale,StreetEasy,,,FALSE,FALSE,"{'infoString1': '', 'infoString2': 'StreetEasy', 'infoString3': None}"
3,02/10/2023,2100746801,1.44236E+12,390000,557,0,Sold,Public Record,,,FALSE,FALSE,"{'infoString1': None, 'infoString2': 'Public Record', 'infoString3': None}"
0,05/04/2013,2113492670,1.69586E+12,400000,667,0,Listed for sale,StreetEasy,,,FALSE,FALSE,"{'infoString1': '', 'infoString2': 'StreetEasy', 'infoString3': None}"
1,23/04/2013,2113492670,1.61983E+12,,,0,Listing removed,StreetEasy,,,FALSE,TRUE,"{'infoString1': None, 'infoString2': 'StreetEasy', 'infoString3': None}"
2,25/04/2015,2113492670,1.61905E+12,1600,3,-0.058823529,Listed for rent,StreetEasy,,,FALSE,TRUE,"{'infoString1': '', 'infoString2': 'StreetEasy', 'infoString3': None}"
3,06/05/2015,2113492670,1.61663E+12,,,0,Listing removed,StreetEasy,,,FALSE,TRUE,"{'infoString1': None, 'infoString2': 'StreetEasy', 'infoString3': None}"
4,19/06/2015,2113492670,1.61516E+12,1700,3,-0.028571429,Price change,StreetEasy,,,FALSE,TRUE,"{'infoString1': '', 'infoString2': 'StreetEasy', 'infoString3': None}"
5,17/05/2017,2113492670,1.61412E+12,1750,3,-0.102564103,Listed for rent,StreetEasy,,,FALSE,TRUE,"{'infoString1': '', 'infoString2': 'StreetEasy', 'infoString3': None}"
6,14/07/2017,2113492670,1.60142E+12,1950,3,0,Listing removed,Manhattan Flats,,,FALSE,TRUE,"{'infoString1': None, 'infoString2': 'Manhattan Flats', 'infoString3': None}"
7,07/08/2017,2113492670,1.60065E+12,1950,3,-0.093023256,Listed for rent,Manhattan Flats,,,FALSE,TRUE,"{'infoString1': None, 'infoString2': 'Manhattan Flats', 'infoString3': None}"
8,01/09/2017,2113492670,1.58363E+12,2150,4,0,Listing removed,Alpha Properties NYC I LLC,,,FALSE,TRUE,"{'infoString1': None, 'infoString2': 'Alpha Properties NYC I LLC', 'infoString3': None}"
9,02/10/2023,2113492670,1.58147E+12,2150,4,-0.020501139,Price change,Alpha Properties NYC I LLC,,,FALSE,TRUE,"{'infoString1': None, 'infoString2': 'Alpha Properties NYC I LLC', 'infoString3': None}"
10,03/10/2023,2113492670,1.5806E+12,2195,4,-0.024444444,Price change,Manhattan Flats,,,FALSE,TRUE,"{'infoString1': None, 'infoString2': 'Manhattan Flats', 'infoString3': None}"
11,21/06/2008,2143944031,1.57922E+12,2250,4,0,Listed for rent,Manhattan Flats,,,FALSE,TRUE,"{'infoString1': None, 'infoString2': 'Manhattan Flats', 'infoString3': None}"
12,02/07/2008,2143944031,1.54682E+12,2250,4,0,Listing removed,Manhattan Flats,,,FALSE,TRUE,"{'infoString1': None, 'infoString2': 'Manhattan Flats', 'infoString3': None}"
13,14/03/2023,2143944031,1.54665E+12,2250,4,-0.042553191,Price change,Manhattan Flats,,,FALSE,TRUE,"{'infoString1': None, 'infoString2': 'Manhattan Flats', 'infoString3': None}"
14,03/10/2023,2143944031,1.54647E+12,2350,4,0,Listed for rent,Manhattan Flats,,,FALSE,TRUE,"{'infoString1': None, 'infoString2': 'Manhattan Flats', 'infoString3': None}"
