zpid,property_type,price,bathrooms,bedrooms,Total_bath_beds,size_sqft,url,address,broker_name
2055186892,2,300000,1,0,1,0,/homedetails/448-E-87th-St-APT-5-C-New-York-NY-10028/2055186892_zpid/,"448 E 87th St APT 5-C, New York, NY 10028",Oxford Property Group
89336038,2,319000,1,0,1,0,/homedetails/668-Riverside-Dr-APT-3H-New-York-NY-10031/89336038_zpid/,"668 Riverside Dr APT 3H, New York, NY 10031",Skyward
72518478,2,399000,1,0,1,0,/homedetails/215-E-29th-St-APT-51-New-York-NY-10016/72518478_zpid/,"215 E 29th St APT 51, New York, NY 10016",Douglas Elliman
244778946,2,409100,1,0,1,469,/homedetails/144-E-84th-St-APT-6H-New-York-NY-10028/244778946_zpid/,"144 E 84th St APT 6H, New York, NY 10028",Karpoff Affiliates
125715378,2,450000,1,0,1,0,/homedetails/255-W-108th-St-APT-2E-New-York-NY-10025/125715378_zpid/,"255 W 108th St APT 2E, New York, NY 10025",Compass
72538076,2,475000,1,0,1,0,/homedetails/352-W-12th-St-APT-5D-New-York-NY-10014/72538076_zpid/,"352 W 12th St APT 5D, New York, NY 10014",Compass
244702076,2,535000,1,0,1,0,/homedetails/185-W-End-Ave-APT-23E-New-York-NY-10023/244702076_zpid/,"185 W End Ave APT 23E, New York, NY 10023",Corcoran
31507315,2,540000,1,0,1,509,/homedetails/150-E-37th-St-APT-4B-New-York-NY-10016/31507315_zpid/,"150 E 37th St APT 4B, New York, NY 10016",Elegran | Forbes Global Properties
244801842,1,550000,1,0,1,527,/homedetails/310-E-23rd-St-APT-4B-New-York-NY-10010/244801842_zpid/,"310 E 23rd St APT 4B, New York, NY 10010",Sotheby's International Realty
97540298,2,569000,1,0,1,781,/homedetails/220-W-148th-St-APT-1M-New-York-NY-10039/97540298_zpid/,"220 W 148th St APT 1M, New York, NY 10039",Brown Harris Stevens
31528765,2,595000,1,0,1,551,/homedetails/150-E-56th-St-APT-8F-New-York-NY-10022/31528765_zpid/,"150 E 56th St APT 8F, New York, NY 10022",Corcoran
31506850,2,649000,1,0,1,0,/homedetails/157-E-32nd-St-APT-11D-New-York-NY-10016/31506850_zpid/,"157 E 32nd St APT 11D, New York, NY 10016",Douglas Elliman
83933044,2,1050000,1,0,1,600,/homedetails/10-W-End-Ave-APT-8J-New-York-NY-10023/83933044_zpid/,"10 W End Ave APT 8J, New York, NY 10023",Compass
2055329744,2,1100000,1,0,1,0,/homedetails/645-E-11th-St-APT-1F-New-York-NY-10009/2055329744_zpid/,"645 E 11th St APT 1F, New York, NY 10009",Compass
145586220,5,4200000,1,0,1,0,/homedetails/35-Stuyvesant-St-New-York-NY-10003/145586220_zpid/,"35 Stuyvesant St, New York, NY 10003",Corcoran
244727151,2,299000,1,1,2,380,/homedetails/530-Manhattan-Ave-APT-7-New-York-NY-10027/244727151_zpid/,"530 Manhattan Ave APT 7, New York, NY 10027",Douglas Elliman
244783518,2,400000,1,1,2,0,/homedetails/326-E-73rd-St-APT-4C-New-York-NY-10021/244783518_zpid/,"326 E 73rd St APT 4C, New York, NY 10021",Compass
2055059305,2,425000,1,1,2,0,/homedetails/323-W-43rd-St-APT-2FE-New-York-NY-10036/2055059305_zpid/,"323 W 43rd St APT 2FE, New York, NY 10036",Corcoran
72536052,2,449000,1,1,2,0,/homedetails/860-W-181st-St-APT-39-New-York-NY-10033/72536052_zpid/,"860 W 181st St APT 39, New York, NY 10033",Corcoran
92961844,2,449000,1,1,2,0,/homedetails/522-W-50th-St-APT-A4-New-York-NY-10019/92961844_zpid/,"522 W 50th St APT A4, New York, NY 10019",Compass
2055129983,2,449000,1,1,2,425,/homedetails/2082-Frederick-Douglas-Blvd-5C-New-York-NY-10027/2055129983_zpid/,"2082 Frederick Douglas Blvd #5C, New York, NY 10027",Green Manzana LLC
124391113,2,450000,1,1,2,0,/homedetails/175-Claremont-Ave-APT-6-New-York-NY-10027/124391113_zpid/,"175 Claremont Ave APT 6, New York, NY 10027",Corcoran
83890640,2,475000,1,1,2,653,/homedetails/575-Riverside-Dr-APT-43-New-York-NY-10031/83890640_zpid/,"575 Riverside Dr APT 43, New York, NY 10031",Keller Williams Realty NYC Group
244867166,2,479000,1,1,2,0,/homedetails/335-W-85th-St-APT-4A-New-York-NY-10024/244867166_zpid/,"335 W 85th St APT 4A, New York, NY 10024",Brown Harris Stevens
72530826,2,500000,1,1,2,0,/homedetails/1060-Park-Ave-APT-3B-New-York-NY-10128/72530826_zpid/,"1060 Park Ave APT 3B, New York, NY 10128",Douglas Elliman
31546574,2,519900,1,1,2,550,/homedetails/2141-2nd-Ave-5C-New-York-NY-10029/31546574_zpid/,"2141 2nd Ave #5C, New York, NY 10029",Manhattan Network Inc.
79982486,2,525000,1,1,2,0,/homedetails/245-E-35th-St-APT-5D-New-York-NY-10016/79982486_zpid/,"245 E 35th St APT 5D, New York, NY 10016",Brown Harris Stevens
2062357663,2,560000,1,1,2,0,/homedetails/240-E-24th-St-APT-2F-New-York-NY-10010/2062357663_zpid/,"240 E 24th St APT 2F, New York, NY 10010",Compass
2070563278,2,585000,1,1,2,0,/homedetails/170-W-74th-St-APT-304-New-York-NY-10023/2070563278_zpid/,"170 W 74th St APT 304, New York, NY 10023","Ellen Elliot, LREB"
31491239,2,595000,1,1,2,624,/homedetails/300-Albany-St-APT-3K-New-York-NY-10280/31491239_zpid/,"300 Albany St APT 3K, New York, NY 10280",Sotheby's International Realty
244766629,2,600000,1,1,2,0,/homedetails/400-Riverside-Dr-APT-K-New-York-NY-10025/244766629_zpid/,"400 Riverside Dr APT K, New York, NY 10025",Bizzarro Agency
72651909,2,650000,1,1,2,650,/homedetails/245-E-25th-St-APT-12L-New-York-NY-10010/72651909_zpid/,"245 E 25th St APT 12L, New York, NY 10010",Brown Harris Stevens
244887771,2,650000,1,1,2,0,/homedetails/145-E-15th-St-APT-14C-New-York-NY-10003/244887771_zpid/,"145 E 15th St APT 14C, New York, NY 10003",Compass
244887775,2,650000,1,1,2,668,/homedetails/301-W-108th-St-APT-9C-New-York-NY-10025/244887775_zpid/,"301 W 108th St APT 9C, New York, NY 10025",Corcoran
72533561,2,655000,1,1,2,750,/homedetails/80-E-End-Ave-APT-6A-New-York-NY-10028/72533561_zpid/,"80 E End Ave APT 6A, New York, NY 10028",Corcoran
245084239,2,675000,1,1,2,0,/homedetails/415-W-57th-St-APT-5A-New-York-NY-10019/245084239_zpid/,"415 W 57th St APT 5A, New York, NY 10019",Compass
2055198358,2,690000,1,1,2,0,/homedetails/334-E-5th-St-APT-2-New-York-NY-10003/2055198358_zpid/,"334 E 5th St APT 2, New York, NY 10003",Compass
244802942,2,695000,1,1,2,0,/homedetails/55-E-65th-St-APT-4C-New-York-NY-10065/244802942_zpid/,"55 E 65th St APT 4C, New York, NY 10065",Douglas Elliman
244788162,2,699000,1,1,2,0,/homedetails/12-W-72nd-St-APT-7H-New-York-NY-10023/244788162_zpid/,"12 W 72nd St APT 7H, New York, NY 10023",Corcoran
244833303,2,699000,1,1,2,0,/homedetails/105-W-86th-St-2C-New-York-NY-10024/244833303_zpid/,"105 W 86th St #2C, New York, NY 10024",Keller Williams NYC
31508968,2,715000,1,1,2,0,/homedetails/350-E-30th-St-APT-5E-New-York-NY-10016/31508968_zpid/,"350 E 30th St APT 5E, New York, NY 10016",Alpha Properties NYC I LLC
72523812,2,725000,1,1,2,0,/homedetails/320-W-89th-St-APT-1D-New-York-NY-10024/72523812_zpid/,"320 W 89th St APT 1D, New York, NY 10024",Corcoran
82784658,2,725000,1,1,2,850,/homedetails/139-E-33rd-St-APT-10B-New-York-NY-10016/82784658_zpid/,"139 E 33rd St APT 10B, New York, NY 10016",Compass
244843500,2,725000,1,1,2,0,/homedetails/235-E-87th-St-APT-2F-New-York-NY-10128/244843500_zpid/,"235 E 87th St APT 2F, New York, NY 10128",Corcoran
31494719,2,750000,1,1,2,609,/homedetails/50-Bayard-St-APT-4S-New-York-NY-10013/31494719_zpid/,"50 Bayard St APT 4S, New York, NY 10013",E House Realty & Management Inc.
72523470,2,750000,1,1,2,0,/homedetails/311-W-82nd-St-APT-3B-New-York-NY-10024/72523470_zpid/,"311 W 82nd St APT 3B, New York, NY 10024",Compass
79498862,2,760000,1,1,2,0,/homedetails/121-W-72nd-St-APT-12F-New-York-NY-10023/79498862_zpid/,"121 W 72nd St APT 12F, New York, NY 10023",Compass
244815602,2,769000,1,1,2,0,/homedetails/317-W-87th-St-APT-4B-New-York-NY-10024/244815602_zpid/,"317 W 87th St APT 4B, New York, NY 10024",Roxann Realty LLC
79507549,2,775000,1,1,2,0,/homedetails/878-W-End-Ave-APT-15C-New-York-NY-10025/79507549_zpid/,"878 W End Ave APT 15C, New York, NY 10025",Douglas Elliman
63866790,2,779000,1,1,2,638,/homedetails/250-E-30th-St-APT-6B-New-York-NY-10016/63866790_zpid/,"250 E 30th St APT 6B, New York, NY 10016",Brown Harris Stevens
31531147,2,785000,1,1,2,600,/homedetails/301-E-45th-St-APT-11F-New-York-NY-10017/31531147_zpid/,"301 E 45th St APT 11F, New York, NY 10017",Akam Sales and Brokerage
244755415,2,785000,1,1,2,0,/homedetails/401-W-End-Ave-APT-3E-New-York-NY-10024/244755415_zpid/,"401 W End Ave APT 3E, New York, NY 10024",Brown Harris Stevens
72511981,2,789000,1,1,2,0,/homedetails/57-Thompson-St-APT-2B-New-York-NY-10012/72511981_zpid/,"57 Thompson St APT 2B, New York, NY 10012",Compass
72517702,2,795000,1,1,2,0,/homedetails/142-E-37th-St-APT-4-New-York-NY-10016/72517702_zpid/,"142 E 37th St APT 4, New York, NY 10016","NestApple, Inc."
2055108564,2,825000,1,1,2,0,/homedetails/239-E-79th-St-APT-12H-New-York-NY-10075/2055108564_zpid/,"239 E 79th St APT 12H, New York, NY 10075",Corcoran
244838287,2,839000,1,1,2,0,/homedetails/410-W-23rd-St-APT-5C-New-York-NY-10011/244838287_zpid/,"410 W 23rd St APT 5C, New York, NY 10011",Compass
244728288,2,849999,1,1,2,750,/homedetails/320-Central-Park-W-UNIT-3N-New-York-NY-10025/244728288_zpid/,"320 Central Park W UNIT 3N, New York, NY 10025",Coldwell Banker Signature Properties
31515715,2,870000,1,1,2,620,/homedetails/347-W-57th-St-APT-6B-New-York-NY-10019/31515715_zpid/,"347 W 57th St APT 6B, New York, NY 10019",City Connections Realty
2055109072,2,875000,1,1,2,717,/homedetails/210-W-19th-St-APT-4G-New-York-NY-10011/2055109072_zpid/,"210 W 19th St APT 4G, New York, NY 10011",Compass
31525553,2,899000,1,1,2,780,/homedetails/225-W-83rd-St-APT-15J-New-York-NY-10024/31525553_zpid/,"225 W 83rd St APT 15J, New York, NY 10024",Side Inc
72531250,2,1195000,1,1,2,1100,/homedetails/120-E-81st-St-APT-10E-New-York-NY-10028/72531250_zpid/,"120 E 81st St APT 10E, New York, NY 10028",Brown Harris Stevens
89668933,2,1250000,1,1,2,0,/homedetails/35-Riverside-Dr-APT-4-New-York-NY-10023/89668933_zpid/,"35 Riverside Dr APT 4, New York, NY 10023",Compass
2055232195,2,1750000,1,1,2,0,/homedetails/140-Charles-St-APT-16C-New-York-NY-10014/2055232195_zpid/,"140 Charles St APT 16C, New York, NY 10014","Merle K. Barash Real Estate, Inc."
31496142,2,1895000,1,1,2,1650,/homedetails/517-E-11th-St-APT-2-New-York-NY-10009/31496142_zpid/,"517 E 11th St APT 2, New York, NY 10009",Corcoran
31495033,2,2150000,1,1,2,1500,/homedetails/8-Greene-St-APT-5-New-York-NY-10013/31495033_zpid/,"8 Greene St APT 5, New York, NY 10013",Compass
2063171146,2,2150000,1,1,2,0,/homedetails/45-E-9th-St-APT-99-New-York-NY-10003/2063171146_zpid/,"45 E 9th St APT 99, New York, NY 10003",Brown Harris Stevens
96756460,2,2195000,1,1,2,826,/homedetails/28-E-10th-St-APT-1K-New-York-NY-10003/96756460_zpid/,"28 E 10th St APT 1K, New York, NY 10003",Corcoran
119911658,2,309000,1,2,3,750,/homedetails/1989-Amsterdam-Ave-APT-24-New-York-NY-10032/119911658_zpid/,"1989 Amsterdam Ave APT 24, New York, NY 10032",Pantiga Group
244793512,2,399000,1,2,3,768,/homedetails/17-W-108th-St-APT-88-New-York-NY-10025/244793512_zpid/,"17 W 108th St APT 88, New York, NY 10025",Camelot Realty Group
321916736,1,649000,1,2,3,0,/homedetails/130-Bradhurst-Ave-APT-1202-New-York-NY-10039/321916736_zpid/,"130 Bradhurst Ave APT 1202, New York, NY 10039",Brown Harris Stevens
72535705,2,695000,1,2,3,0,/homedetails/450-W-147th-St-APT-21-New-York-NY-10031/72535705_zpid/,"450 W 147th St APT 21, New York, NY 10031",Compass
2055126489,2,699999,1,2,3,820,/homedetails/353-E-104th-St-6A-New-York-NY-10029/2055126489_zpid/,"353 E 104th St #6A, New York, NY 10029",R New York
72525634,2,725000,2,1,3,800,/homedetails/342-E-53rd-St-APT-1G-New-York-NY-10022/72525634_zpid/,"342 E 53rd St APT 1G, New York, NY 10022",R New York
80622697,2,775000,1,2,3,850,/homedetails/332-E-84th-St-APT-3F-New-York-NY-10028/80622697_zpid/,"332 E 84th St APT 3F, New York, NY 10028",Coldwell Banker Warburg
122143029,2,785000,1,2,3,0,/homedetails/301-E-87th-St-APT-8E-New-York-NY-10128/122143029_zpid/,"301 E 87th St APT 8E, New York, NY 10128",Sotheby's International Realty
244750374,2,795000,1,2,3,0,/homedetails/525-E-89th-St-APT-2L-New-York-NY-10128/244750374_zpid/,"525 E 89th St APT 2L, New York, NY 10128",R New York
2055128476,1,849999,2,1,3,0,/homedetails/151-Lenox-Ave-5-UNIT-PEN-New-York-NY-10026/2055128476_zpid/,"151 Lenox Ave #5-UNIT PEN, New York, NY 10026",Compass
244834128,2,899000,1,2,3,900,/homedetails/200-E-84th-St-APT-2D-New-York-NY-10028/244834128_zpid/,"200 E 84th St APT 2D, New York, NY 10028",Schulman Realty LLC
31537101,2,950000,2,1,3,757,/homedetails/205-E-68th-St-T2F-New-York-NY-10065/31537101_zpid/,"205 E 68th St #T2F, New York, NY 10065",Coldwell Banker Warburg
244877550,2,999000,1,2,3,900,/homedetails/125-W-76th-St-APT-6C-New-York-NY-10023/244877550_zpid/,"125 W 76th St APT 6C, New York, NY 10023",Corcoran
72537954,2,1100000,1,2,3,0,/homedetails/622-Washington-St-APT-3B-New-York-NY-10014/72537954_zpid/,"622 Washington St APT 3B, New York, NY 10014",Compass
83892438,2,1195000,1,2,3,0,/homedetails/365-W-20th-St-APT-14E-New-York-NY-10011/83892438_zpid/,"365 W 20th St APT 14E, New York, NY 10011",Compass
72537157,2,1250000,1,2,3,1100,/homedetails/588-W-End-Ave-APT-6A-Manhattan-NY-10024/72537157_zpid/,"588 W End Ave APT 6A, Manhattan, NY 10024",Sotheby's International Realty
97530281,2,1395000,1,2,3,1050,/homedetails/303-E-33rd-St-APT-10C-New-York-NY-10016/97530281_zpid/,"303 E 33rd St APT 10C, New York, NY 10016",Douglas Elliman
72514271,2,1595000,1,2,3,0,/homedetails/211-W-10th-St-APT-3D-New-York-NY-10014/72514271_zpid/,"211 W 10th St APT 3D, New York, NY 10014",Compass
2055237800,2,1600000,1,2,3,0,/homedetails/65-Morton-St-2N-New-York-NY-10014/2055237800_zpid/,"65 Morton St #2N, New York, NY 10014",Compass
72537027,2,1850000,1,2,3,0,/homedetails/791-Greenwich-St-APT-7-New-York-NY-10014/72537027_zpid/,"791 Greenwich St APT 7, New York, NY 10014",Compass
2098006111,1,2700000,2,1,3,0,/homedetails/55-Walker-St-APT-3A-New-York-NY-10013/2098006111_zpid/,"55 Walker St APT 3A, New York, NY 10013",Compass
63867450,2,2950000,2,1,3,962,/homedetails/100-Central-Park-S-APT-2A-New-York-NY-10019/63867450_zpid/,"100 Central Park S APT 2A, New York, NY 10019",Nest Seekers International
244880311,2,400000,1,3,4,0,/homedetails/227-E-14th-St-APT-5W-New-York-NY-10003/244880311_zpid/,"227 E 14th St APT 5W, New York, NY 10003",Weichert Properties - NYC
244708821,2,570000,2,2,4,1275,/homedetails/409-Edgecombe-Ave-APT-7F-New-York-NY-10032/244708821_zpid/,"409 Edgecombe Avenue UNIT 7F, New York, NY 10032",Coldwell Banker Signature Prop
72541459,2,580000,2,2,4,1248,/homedetails/579-W-215th-St-APT-8E-Manhattan-NY-10034/72541459_zpid/,"579 W 215th St APT 8E, Manhattan, NY 10034",Redfin Real Estate
83890626,2,799000,2,2,4,0,/homedetails/346-E-58th-St-2B3B-New-York-NY-10022/83890626_zpid/,"346 E 58th St #2B3B, New York, NY 10022",NextStopNY
2056060898,2,887785,2,2,4,0,/homedetails/575-Main-St-APT-1602-New-York-NY-10044/2056060898_zpid/,"575 Main St APT 1602, New York, NY 10044",Corcoran
122189781,2,975000,2,2,4,0,/homedetails/323-E-8th-St-APT-1B-New-York-NY-10009/122189781_zpid/,"323 E 8th St APT 1B, New York, NY 10009","NestApple, Inc."
2055125387,2,1050000,2,2,4,800,/homedetails/512-E-11th-St-APT-5ACD-New-York-NY-10009/2055125387_zpid/,"512 E 11th St APT 5ACD, New York, NY 10009",Brown Harris Stevens
113974735,2,1100000,2,2,4,0,/homedetails/302-W-86th-St-APT-9-C-New-York-NY-10024/113974735_zpid/,"302 W 86th St APT 9-C, New York, NY 10024",Compass
65321815,2,1150000,2,2,4,1040,/homedetails/368-W-117th-St-APT-1E-New-York-NY-10026/65321815_zpid/,"368 W 117th St APT 1E, New York, NY 10026",Compass
119987576,2,1150000,2,2,4,0,/homedetails/312-W-107th-St-APT-5A-New-York-NY-10025/119987576_zpid/,"312 W 107th St APT 5A, New York, NY 10025",Sotheby's International Realty
244868083,2,1195000,2,2,4,1000,/homedetails/312-E-23rd-St-APT-5D-New-York-NY-10010/244868083_zpid/,"312 E 23rd St APT 5D, New York, NY 10010",Douglas Elliman
338435555,2,1195000,2,2,4,0,/homedetails/1330-5th-Ave-APT-6K-New-York-NY-10026/338435555_zpid/,"1330 5th Ave APT 6K, New York, NY 10026",Oxford Property Group
244850499,2,1200000,2,2,4,0,/homedetails/1150-Park-Ave-6D-New-York-NY-10128/244850499_zpid/,"1150 Park Ave #6D, New York, NY 10128",Sloane Square
31539570,2,1299900,2,2,4,1268,/homedetails/460-E-79th-St-APT-20D-New-York-NY-10075/31539570_zpid/,"460 E 79th St APT 20D, New York, NY 10075",Sotheby's International Realty
31519205,2,1375000,2,2,4,1163,/homedetails/161-W-61st-St-APT-15G-New-York-NY-10023/31519205_zpid/,"161 W 61st St APT 15G, New York, NY 10023",Douglas Elliman
2055202672,2,1489000,2,2,4,0,/homedetails/55-E-End-Ave-12DD-New-York-NY-10028/2055202672_zpid/,"55 E End Ave #12DD, New York, NY 10028",Digs Realty Group
120088372,2,1495000,2,2,4,1100,/homedetails/125-E-63rd-St-APT-6C-New-York-NY-10065/120088372_zpid/,"125 E 63rd St APT 6C, New York, NY 10065",Corcoran
244900585,2,1550000,2,2,4,0,/homedetails/160-9th-Ave-4-New-York-NY-10011/244900585_zpid/,"160 9th Ave #4, New York, NY 10011",Compass
2055200370,2,1610000,2,2,4,1286,/homedetails/40-Pinehurst-Ave-UNIT-PENTHOUSE-New-York-NY-10033/2055200370_zpid/,"40 Pinehurst Ave UNIT PENTHOUSE-, New York, NY 10033",Bohemia Realty Group
121651137,2,1695000,2,2,4,0,/homedetails/170-E-94th-St-5AB-New-York-NY-10128/121651137_zpid/,"170 E 94th St #5AB, New York, NY 10128",Brown Harris Stevens
99343220,2,1699000,2,2,4,0,/homedetails/25-Sutton-Pl-S-APT-20J-New-York-NY-10022/99343220_zpid/,"25 Sutton Pl S APT 20J, New York, NY 10022",Brown Harris Stevens
72520136,2,1750000,2,2,4,0,/homedetails/11-W-69th-St-APT-2A-New-York-NY-10023/72520136_zpid/,"11 W 69th St APT 2A, New York, NY 10023",Corcoran
114163335,2,1750000,2,2,4,0,/homedetails/565-W-End-Ave-APT-18A-New-York-NY-10024/114163335_zpid/,"565 W End Ave APT 18A, New York, NY 10024",Brown Harris Stevens
31540998,2,1850000,2,2,4,1400,/homedetails/40-E-94th-St-APT-16G-New-York-NY-10128/31540998_zpid/,"40 E 94th St APT 16G, New York, NY 10128",Brown Harris Stevens
79495315,2,1950000,2,2,4,0,/homedetails/791-Greenwich-St-APT-5-New-York-NY-10014/79495315_zpid/,"791 Greenwich St APT 5, New York, NY 10014",Corcoran
72513323,2,1995000,2,2,4,0,/homedetails/42-W-9th-St-APT-15-New-York-NY-10011/72513323_zpid/,"42 W 9th St APT 15, New York, NY 10011",Sotheby's International Realty
87923364,2,1995000,2,2,4,0,/homedetails/400-W-End-Ave-APT-18C-New-York-NY-10024/87923364_zpid/,"400 W End Ave APT 18C, New York, NY 10024",Douglas Elliman
119913401,2,1995000,2,2,4,0,/homedetails/290-W-11th-St-3CD-New-York-NY-10014/119913401_zpid/,"290 W 11th St #3CD, New York, NY 10014",Corcoran
2102719339,2,2095000,2,2,4,1175,/homedetails/186-W-80th-St-11CD-New-York-NY-10024/2102719339_zpid/,"186 W 80th St #11CD, New York, NY 10024",Brown Harris Stevens
80006983,2,2295000,2,2,4,1140,/homedetails/22-Riverside-Dr-8B-New-York-NY-10023/80006983_zpid/,"22 Riverside Dr #8B, New York, NY 10023",Corcoran
338881104,2,2650000,2,2,4,1350,/homedetails/214-W-72nd-St-APT-16-New-York-NY-10023/338881104_zpid/,"214 W 72nd St APT 16, New York, NY 10023",SERHANT.
79493491,2,2850000,2,2,4,0,/homedetails/62-Orchard-St-APT-5-New-York-NY-10002/79493491_zpid/,"62 Orchard St APT 5, New York, NY 10002",Brown Harris Stevens
61966529,2,2995000,2,2,4,1524,/homedetails/151-W-17th-St-APT-1H-New-York-NY-10011/61966529_zpid/,"151 W 17th St APT 1H, New York, NY 10011",Brown Harris Stevens
300201586,2,2995000,2,2,4,1542,/homedetails/204-Forsyth-St-4S-New-York-NY-10002/300201586_zpid/,"204 Forsyth St #4S, New York, NY 10002",SERHANT.
55501233,2,3495000,2,2,4,1233,/homedetails/99-Jane-St-APT-1F-New-York-NY-10014/55501233_zpid/,"99 Jane St APT 1F, New York, NY 10014",Corcoran
31494488,2,3575000,2,2,4,1690,/homedetails/27-N-Moore-St-APT-3B-New-York-NY-10013/31494488_zpid/,"27 N Moore St APT 3B, New York, NY 10013",Compass
248093055,2,575000,2,3,5,NULL,/homedetails/29-Convent-Ave-APT-12A-New-York-NY-10027/248093055_zpid/,"29 Convent Ave APT 12A, New York, NY 10027",Level Group
79499004,2,1795000,2,3,5,0,/homedetails/164-W-79th-St-APT-4C-New-York-NY-10024/79499004_zpid/,"164 W 79th St APT 4C, New York, NY 10024",Douglas Elliman
79506352,2,2149000,2,3,5,0,/homedetails/325-E-79th-St-APT-3B-New-York-NY-10075/79506352_zpid/,"325 E 79th St APT 3B, New York, NY 10075",Corcoran
244891137,2,2250000,3,2,5,2200,/homedetails/76-Franklin-St-APT-2-New-York-NY-10013/244891137_zpid/,"76 Franklin St APT 2, New York, NY 10013",Compass
97541554,2,2395000,3,2,5,1600,/homedetails/125-W-22nd-St-APT-11A-New-York-NY-10011/97541554_zpid/,"125 W 22nd St APT 11A, New York, NY 10011",Douglas Elliman
72672722,2,2795000,2,3,5,0,/homedetails/130-W-16th-St-APT-46-New-York-NY-10011/72672722_zpid/,"130 W 16th St APT 46, New York, NY 10011",Compass
2118913023,2,2875000,2,3,5,2575,/homedetails/55-Liberty-St-APT-17B-New-York-NY-10005/2118913023_zpid/,"55 Liberty St APT 17B, New York, NY 10005",Brown Harris Stevens
31494368,2,3495000,3,2,5,0,/homedetails/12-Harrison-St-APT-2-New-York-NY-10013/31494368_zpid/,"12 Harrison St APT 2, New York, NY 10013",Sotheby's International Realty
2057871871,2,3595000,2,3,5,1875,/homedetails/215-W-88th-St-11AB-New-York-NY-10024/2057871871_zpid/,"215 W 88th St #11AB, New York, NY 10024",Corcoran
244691104,2,5500000,2,3,5,4100,/homedetails/43-E-19th-St-FLOOR-2-New-York-NY-10003/244691104_zpid/,"43 E 19th St FLOOR 2, New York, NY 10003",Compass
31550646,2,1895000,3,3,6,1315,/homedetails/275-W-96th-St-APT-15E-New-York-NY-10025/31550646_zpid/,"275 W 96th St APT 15E, New York, NY 10025",Compass
2055055859,2,2300000,3,3,6,0,/homedetails/35-W-90th-St-11HK-New-York-NY-10024/2055055859_zpid/,"35 W 90th St #11HK, New York, NY 10024",Sotheby's International Realty
80014324,2,2400000,3,3,6,1432,/homedetails/400-E-90th-St-APT-23B-New-York-NY-10128/80014324_zpid/,"400 E 90th St APT 23B, New York, NY 10128",Compass
244848652,2,2500000,3,3,6,1800,/homedetails/1435-Lexington-Ave-APT-11E-New-York-NY-10128/244848652_zpid/,"1435 Lexington Ave APT 11E, New York, NY 10128",Hauseit LLC
89134377,2,2850000,3,3,6,0,/homedetails/10-E-End-Ave-14JK-New-York-NY-10075/89134377_zpid/,"10 E End Ave #14JK, New York, NY 10075",Brown Harris Stevens
219686205,2,2995000,3,3,6,0,/homedetails/181-E-73rd-St-7ABH-New-York-NY-10021/219686205_zpid/,"181 E 73rd St #7ABH, New York, NY 10021",Brown Harris Stevens
31533768,2,3125000,3,3,6,0,/homedetails/50-E-72nd-St-10B-New-York-NY-10021/31533768_zpid/,"50 E 72nd St #10B, New York, NY 10021",Compass
31519855,2,3650000,3,3,6,1859,/homedetails/1965-Broadway-APT-11A-New-York-NY-10023/31519855_zpid/,"1965 Broadway APT 11A, New York, NY 10023",Alta Real Estate
244712798,2,3750000,3,3,6,0,/homedetails/1112-Park-Ave-7B-New-York-NY-10128/244712798_zpid/,"1112 Park Ave #7B, New York, NY 10128",Brown Harris Stevens
2075689237,2,4190000,3,3,6,1576,/homedetails/212-W-95th-St-APT-17B-New-York-NY-10025/2075689237_zpid/,"212 W 95th St APT 17B, New York, NY 10025",Compass
119915812,2,4550000,3,3,6,2300,/homedetails/655-Park-Ave-APT-8C-New-York-NY-10065/119915812_zpid/,"655 Park Ave APT 8C, New York, NY 10065",Sotheby's International Realty
219693876,2,4795000,3,3,6,2437,/homedetails/17-E-89th-St-8C-New-York-NY-10128/219693876_zpid/,"17 E 89th St #8C, New York, NY 10128",Sotheby's International Realty
244714493,2,5400000,3,3,6,2800,/homedetails/380-W-12th-St-PENTHOUSE-E-New-York-NY-10014/244714493_zpid/,"380 W 12th St PENTHOUSE E, New York, NY 10014",Douglas Elliman
300195041,2,5400000,3,3,6,2800,/homedetails/380-W-12th-St-New-York-NY-10014/300195041_zpid/,"380 W 12th St, New York, NY 10014",Douglas Elliman
300199274,2,5500000,3,3,6,2068,/homedetails/16-W-40th-St-30B-New-York-NY-10018/300199274_zpid/,"16 W 40th St #30B, New York, NY 10018",Smart City Real Estate LLC
69524580,2,6500000,3,3,6,2011,/homedetails/2-E-55th-St-1003-New-York-NY-10022/69524580_zpid/,"2 E 55th St #1003, New York, NY 10022",Corcoran
31508094,5,2500000,4,3,7,2112,/homedetails/240-E-29th-St-New-York-NY-10016/31508094_zpid/,"240 E 29th St, New York, NY 10016",Elegran | Forbes Global Properties
2055191555,2,3995000,4,3,7,2123,/homedetails/550-W-29th-St-FLOOR-9-New-York-NY-10001/2055191555_zpid/,"550 W 29th St FLOOR 9, New York, NY 10001",Corcoran
244750174,2,4750000,3,4,7,0,/homedetails/580-Park-Ave-APT-6C-New-York-NY-10065/244750174_zpid/,"580 Park Ave APT 6C, New York, NY 10065",Brown Harris Stevens
244830759,2,5250000,3,4,7,0,/homedetails/129-22nd-St-11-New-York-NY-10011/244830759_zpid/,"129 22nd St #11, New York, NY 10011",Sotheby's International Realty
63865667,2,5395000,4,3,7,2778,/homedetails/224-W-18th-St-PENTHOUSE-A-New-York-NY-10011/63865667_zpid/,"224 W 18th St PENTHOUSE A, New York, NY 10011",Compass
2096496951,2,5395000,4,3,7,2778,/homedetails/224-W-18th-St-New-York-NY-10011/2096496951_zpid/,"224 W 18th St, New York, NY 10011",Compass
80011181,2,5750000,4,3,7,2950,/homedetails/60-E-55th-St-PENTHOUSE-3-New-York-NY-10022/80011181_zpid/,"60 E 55th St PENTHOUSE 3, New York, NY 10022",Douglas Elliman
2055104170,2,6350000,4,3,7,3300,/homedetails/22-E-18th-St-UNIT-PH6A-New-York-NY-10003/2055104170_zpid/,"22 E 18th St UNIT PH6A, New York, NY 10003",Sotheby's International Realty
72516435,2,6375000,3,4,7,0,/homedetails/26-E-22nd-St-23-New-York-NY-10010/72516435_zpid/,"26 E 22nd St #23, New York, NY 10010",Corcoran
300197253,2,6495000,4,3,7,2324,/homedetails/360-Central-Park-W-APT-8B-New-York-NY-10025/300197253_zpid/,"360 Central Park W APT 8B, New York, NY 10025",Argo Residential
2061289292,2,6875000,3,4,7,0,/homedetails/88-Central-Park-W-3-4N-New-York-NY-10023/2061289292_zpid/,"88 Central Park W #3/4N, New York, NY 10023",Douglas Elliman
122272686,2,7500000,4,3,7,2525,/homedetails/20-W-53rd-St-36A-New-York-NY-10019/122272686_zpid/,"20 W 53rd St #36A, New York, NY 10019",Mercer Partners International LLC
2055082881,2,9250000,4,3,7,0,/homedetails/84-Mercer-St-APT-3-New-York-NY-10012/2055082881_zpid/,"84 Mercer St APT 3, New York, NY 10012",Douglas Elliman
31493791,2,10995000,4,3,7,3777,/homedetails/174-Duane-St-New-York-NY-10013/31493791_zpid/,"174 Duane St, New York, NY 10013",Douglas Elliman
143157307,2,14500000,4,3,7,3100,/homedetails/14-E-90th-St-New-York-NY-10128/143157307_zpid/,"14 E 90th St, New York, NY 10128",Compass
143180534,3,1750000,4,4,8,0,/homedetails/208-Edgecombe-Ave-New-York-NY-10030/143180534_zpid/,"208 Edgecombe Ave, New York, NY 10030",Brown Harris Stevens
63863544,2,5495000,4,4,8,3549,/homedetails/270-Broadway-APT-26A-New-York-NY-10007/63863544_zpid/,"270 Broadway APT 26A, New York, NY 10007",Douglas Elliman
31537161,4,6495000,4,4,8,0,/homedetails/236-E-72nd-St-New-York-NY-10021/31537161_zpid/,"236 E 72nd St, New York, NY 10021",Douglas Elliman
72539555,2,6495000,4,4,8,0,/homedetails/1-Beekman-Pl-APT-15A-New-York-NY-10022/72539555_zpid/,"1 Beekman Pl APT 15A, New York, NY 10022",Sotheby's International Realty
2080484098,2,6900000,5,3,8,0,/homedetails/983-Park-Ave-5B-New-York-NY-10028/2080484098_zpid/,"983 Park Ave #5B, New York, NY 10028",Sotheby's International Realty
97521790,2,14500000,4,4,8,3844,/homedetails/385-W-12th-St-New-York-NY-10014/97521790_zpid/,"385 W 12th St, New York, NY 10014",Corcoran
72527862,2,6500000,5,4,9,0,/homedetails/605-Park-Ave-11AB-New-York-NY-10065/72527862_zpid/,"605 Park Ave #11AB, New York, NY 10065",Sotheby's International Realty
31499413,5,6995000,4,5,9,3585,/homedetails/124-W-Washington-Plce-New-York-NY-10014/31499413_zpid/,"124 W Washington Plce, New York, NY 10014",Douglas Elliman
2055123583,2,12995000,5,4,9,4155,/homedetails/10-Greene-St-PENTHOUSE-New-York-NY-10013/2055123583_zpid/,"10 Greene St #PENTHOUSE, New York, NY 10013",Corcoran
2055239728,2,40000000,5,4,9,6300,/homedetails/551-W-21st-St-APT-19B-New-York-NY-10011/2055239728_zpid/,"551 W 21st St APT 19B, New York, NY 10011",Douglas Elliman
31552903,5,2700000,4,6,10,4608,/homedetails/475-W-144th-St-New-York-NY-10031/31552903_zpid/,"475 W 144th Street, New York, NY 10031",Dean Bailey Agency
2057888044,2,6950000,5,5,10,3500,/homedetails/133-E-64th-St-APT-9A-New-York-NY-10065/2057888044_zpid/,"133 E 64th St APT 9A, New York, NY 10065",Corcoran
244802339,2,7450000,5,5,10,4100,/homedetails/911-Park-Ave-APT-6B-New-York-NY-10075/244802339_zpid/,"911 Park Ave APT 6B, New York, NY 10075",Corcoran
123579709,2,13200000,5,5,10,0,/homedetails/171-W-71st-St-9A-Manhattan-NY-10023/123579709_zpid/,"171 W 71st St #9A, Manhattan, NY 10023",Brown Harris Stevens
31500494,4,13950000,5,5,10,4100,/homedetails/25-Perry-St-New-York-NY-10014/31500494_zpid/,"25 Perry St, New York, NY 10014",Compass
31540844,5,22000000,6,4,10,9200,/homedetails/67-E-93rd-St-New-York-NY-10128/31540844_zpid/,"67 E 93rd St, New York, NY 10128",Sotheby's International Realty
2055233949,2,7500000,6,6,12,4200,/homedetails/1045-Park-Ave-UNIT-10AB-New-York-NY-10028/2055233949_zpid/,"1045 Park Ave UNIT 10AB, New York, NY 10028",Corcoran
31534916,4,9000000,6,6,12,5000,/homedetails/163-E-65th-St-New-York-NY-10065/31534916_zpid/,"163 E 65th St, New York, NY 10065",74 West Real Estate
31506443,5,13950000,6,6,12,6798,/homedetails/135-E-19th-St-New-York-NY-10003/31506443_zpid/,"135 E 19th St, New York, NY 10003",Compass
2143944031,2,27500000,7,5,12,5700,/homedetails/515-Park-Ave-New-York-NY-10022/2143944031_zpid/,"515 Park Ave, New York, NY 10022",Sotheby's International Realty
31535465,4,11500000,6,7,13,6776,/homedetails/161-E-74th-St-New-York-NY-10021/31535465_zpid/,"161 E 74th St, New York, NY 10021",Compass
31541158,1,24000000,8,5,13,11000,/homedetails/170-E-80th-St-New-York-NY-10075/31541158_zpid/,"170 E 80th St, New York, NY 10075",Berkshire Hathaway HomeServices New York Properties
2094894798,5,43000000,8,6,14,10500,/homedetails/18-E-73rd-St-New-York-NY-10021/2094894798_zpid/,"18 E 73rd St, New York, NY 10021",Brown Harris Stevens
2055120373,5,8500000,10,6,16,7000,/homedetails/19-Vestry-St-New-York-NY-10013/2055120373_zpid/,"19 Vestry St, New York, NY 10013",Douglas Elliman
31533978,5,23500000,10,6,16,10473,/homedetails/10-E-75th-St-New-York-NY-10021/31533978_zpid/,"10 E 75th St, New York, NY 10021",Brown Harris Stevens
2073108029,5,28500000,11,6,17,12300,/homedetails/14-E-69th-St-New-York-NY-10021/2073108029_zpid/,"14 E 69th St, New York, NY 10021",Peter Ashe
31546882,5,3980000,6,12,18,4492,/homedetails/2296-2nd-Ave-New-York-NY-10035/31546882_zpid/,"2296 E 2nd Avenue, New York, NY 10035",E Realty International Corp
143169723,3,2999000,10,9,19,5560,/homedetails/1937-Madison-Ave-New-York-NY-10035/143169723_zpid/,"1937 Madison Ave, New York, NY 10035",Brown Harris Stevens
2055189577,5,3695000,9,10,19,5760,/homedetails/315-E-51st-St-1-New-York-NY-10022/2055189577_zpid/,"315 E 51st St #1, New York, NY 10022",Brown Harris Stevens
2055054330,3,8000000,10,10,20,0,/homedetails/346-W-87th-St-New-York-NY-10024/2055054330_zpid/,"346 W 87th St, New York, NY 10024",Corcoran
2055054639,3,8000000,10,10,20,NULL,/homedetails/346-W-87th-St-TWH-New-York-NY-10024/2055054639_zpid/,"346 W 87th St #TWH, New York, NY 10024",Corcoran
